Position,Name + ID,Name,ID,Roster Position,Salary,Game Info,TeamAbbrev,AvgPointsPerGame
RB,Saquon Barkley (13304263),Saquon Barkley,13304263,RB/FLEX,9200,BUF@NYG 09/15/2019 01:00PM ET,NYG,20.9
RB,Ezekiel Elliott (13304265),Ezekiel Elliott,13304265,RB/FLEX,8700,DAL@WAS 09/15/2019 01:00PM ET,DAL,13.3
RB,Alvin Kamara (13304267),Alvin Kamara,13304267,RB/FLEX,8200,NO@LAR 09/15/2019 04:25PM ET,NO,23.9
WR,DeAndre Hopkins (13304491),DeAndre Hopkins,13304491,WR/FLEX,8100,JAX@HOU 09/15/2019 01:00PM ET,HOU,34.1
WR,Michael Thomas (13304493),Michael Thomas,13304493,WR/FLEX,8000,NO@LAR 09/15/2019 04:25PM ET,NO,25.3
WR,Davante Adams (13304495),Davante Adams,13304495,WR/FLEX,7700,MIN@GB 09/15/2019 01:00PM ET,GB,7.6
WR,Keenan Allen (13304497),Keenan Allen,13304497,WR/FLEX,7600,LAC@DET 09/15/2019 01:00PM ET,LAC,29.3
WR,JuJu Smith-Schuster (13304501),JuJu Smith-Schuster,13304501,WR/FLEX,7500,SEA@PIT 09/15/2019 01:00PM ET,PIT,13.8
QB,Patrick Mahomes (13304200),Patrick Mahomes,13304200,QB,7500,KC@OAK 09/15/2019 04:05PM ET,KC,30.32
WR,Amari Cooper (13304503),Amari Cooper,13304503,WR/FLEX,7400,DAL@WAS 09/15/2019 01:00PM ET,DAL,25.6
RB,Melvin Gordon III (13304269),Melvin Gordon III,13304269,RB/FLEX,7300,LAC@DET 09/15/2019 01:00PM ET,LAC,0
WR,Tyreek Hill (13304499),Tyreek Hill,13304499,WR/FLEX,7300,KC@OAK 09/15/2019 04:05PM ET,KC,4.1
TE,Travis Kelce (13304807),Travis Kelce,13304807,TE/FLEX,7300,KC@OAK 09/15/2019 04:05PM ET,KC,11.8
RB,Dalvin Cook (13304273),Dalvin Cook,13304273,RB/FLEX,7200,MIN@GB 09/15/2019 01:00PM ET,MIN,29
WR,Sammy Watkins (13304505),Sammy Watkins,13304505,WR/FLEX,7200,KC@OAK 09/15/2019 04:05PM ET,KC,49.8
RB,David Johnson (13304271),David Johnson,13304271,RB/FLEX,7100,ARI@BAL 09/15/2019 01:00PM ET,ARI,25.7
WR,A.J. Green (13304507),A.J. Green,13304507,WR/FLEX,7100,SF@CIN 09/15/2019 01:00PM ET,CIN,0
WR,Adam Thielen (13304511),Adam Thielen,13304511,WR/FLEX,7100,MIN@GB 09/15/2019 01:00PM ET,MIN,13.3
WR,Antonio Brown (13304509),Antonio Brown,13304509,WR/FLEX,7000,NE@MIA 09/15/2019 01:00PM ET,NE,0
RB,Todd Gurley II (13304275),Todd Gurley II,13304275,RB/FLEX,7000,NO@LAR 09/15/2019 04:25PM ET,LAR,11.1
WR,Julian Edelman (13304513),Julian Edelman,13304513,WR/FLEX,6900,NE@MIA 09/15/2019 01:00PM ET,NE,16.38
TE,George Kittle (13304809),George Kittle,13304809,TE/FLEX,6800,SF@CIN 09/15/2019 01:00PM ET,SF,13.4
RB,James Conner (13304277),James Conner,13304277,RB/FLEX,6800,SEA@PIT 09/15/2019 01:00PM ET,PIT,10.5
WR,T.Y. Hilton (13304515),T.Y. Hilton,13304515,WR/FLEX,6800,IND@TEN 09/15/2019 01:00PM ET,IND,28.7
QB,Lamar Jackson (13304201),Lamar Jackson,13304201,QB,6700,ARI@BAL 09/15/2019 01:00PM ET,BAL,36.56
WR,Kenny Golladay (13304517),Kenny Golladay,13304517,WR/FLEX,6600,LAC@DET 09/15/2019 01:00PM ET,DET,14.2
QB,Deshaun Watson (13304202),Deshaun Watson,13304202,QB,6600,JAX@HOU 09/15/2019 01:00PM ET,HOU,31.72
RB,Joe Mixon (13304279),Joe Mixon,13304279,RB/FLEX,6500,SF@CIN 09/15/2019 01:00PM ET,CIN,3.7
WR,Tyler Boyd (13304519),Tyler Boyd,13304519,WR/FLEX,6500,SF@CIN 09/15/2019 01:00PM ET,CIN,14.3
QB,Aaron Rodgers (13304203),Aaron Rodgers,13304203,QB,6500,MIN@GB 09/15/2019 01:00PM ET,GB,12.92
QB,Tom Brady (13304204),Tom Brady,13304204,QB,6400,NE@MIA 09/15/2019 01:00PM ET,NE,28.64
RB,Chris Carson (13304281),Chris Carson,13304281,RB/FLEX,6400,SEA@PIT 09/15/2019 01:00PM ET,SEA,25
WR,Robert Woods (13304521),Robert Woods,13304521,WR/FLEX,6400,NO@LAR 09/15/2019 04:25PM ET,LAR,16.6
WR,Stefon Diggs (13304523),Stefon Diggs,13304523,WR/FLEX,6300,MIN@GB 09/15/2019 01:00PM ET,MIN,5.7
RB,Leonard Fournette (13304283),Leonard Fournette,13304283,RB/FLEX,6300,JAX@HOU 09/15/2019 01:00PM ET,JAX,12.4
QB,Dak Prescott (13304205),Dak Prescott,13304205,QB,6300,DAL@WAS 09/15/2019 01:00PM ET,DAL,36.4
WR,Brandin Cooks (13304525),Brandin Cooks,13304525,WR/FLEX,6300,NO@LAR 09/15/2019 04:25PM ET,LAR,5.9
RB,Sony Michel (13304285),Sony Michel,13304285,RB/FLEX,6200,NE@MIA 09/15/2019 01:00PM ET,NE,1.4
QB,Russell Wilson (13304207),Russell Wilson,13304207,QB,6200,SEA@PIT 09/15/2019 01:00PM ET,SEA,16.6
WR,Tyler Lockett (13304527),Tyler Lockett,13304527,WR/FLEX,6200,SEA@PIT 09/15/2019 01:00PM ET,SEA,11.4
QB,Drew Brees (13304206),Drew Brees,13304206,QB,6200,NO@LAR 09/15/2019 04:25PM ET,NO,24.8
QB,Philip Rivers (13304208),Philip Rivers,13304208,QB,6100,LAC@DET 09/15/2019 01:00PM ET,LAC,27.92
RB,Austin Ekeler (13304287),Austin Ekeler,13304287,RB/FLEX,6100,LAC@DET 09/15/2019 01:00PM ET,LAC,39.4
WR,Allen Robinson II (13304531),Allen Robinson II,13304531,WR/FLEX,6100,CHI@DEN 09/15/2019 04:25PM ET,CHI,20.2
RB,Mark Ingram II (13304291),Mark Ingram II,13304291,RB/FLEX,6000,ARI@BAL 09/15/2019 01:00PM ET,BAL,25.7
QB,Jimmy Garoppolo (13304209),Jimmy Garoppolo,13304209,QB,6000,SF@CIN 09/15/2019 01:00PM ET,SF,11.44
RB,Derrick Henry (13304289),Derrick Henry,13304289,RB/FLEX,6000,IND@TEN 09/15/2019 01:00PM ET,TEN,28.9
WR,Cooper Kupp (13304529),Cooper Kupp,13304529,WR/FLEX,6000,NO@LAR 09/15/2019 04:25PM ET,LAR,11.6
RB,Marlon Mack (13304293),Marlon Mack,13304293,RB/FLEX,5900,IND@TEN 09/15/2019 01:00PM ET,IND,28.4
QB,Jared Goff (13304210),Jared Goff,13304210,QB,5900,NO@LAR 09/15/2019 04:25PM ET,LAR,10.44
WR,Josh Gordon (13304533),Josh Gordon,13304533,WR/FLEX,5800,NE@MIA 09/15/2019 01:00PM ET,NE,16.3
QB,Ben Roethlisberger (13304211),Ben Roethlisberger,13304211,QB,5800,SEA@PIT 09/15/2019 01:00PM ET,PIT,10.74
RB,Damien Williams (13304295),Damien Williams,13304295,RB/FLEX,5800,KC@OAK 09/15/2019 04:05PM ET,KC,18.5
RB,Kerryon Johnson (13304297),Kerryon Johnson,13304297,RB/FLEX,5700,LAC@DET 09/15/2019 01:00PM ET,DET,8.2
WR,Michael Gallup (13304535),Michael Gallup,13304535,WR/FLEX,5600,DAL@WAS 09/15/2019 01:00PM ET,DAL,25.8
WR,Mike Williams (13304537),Mike Williams,13304537,WR/FLEX,5500,LAC@DET 09/15/2019 01:00PM ET,LAC,4.9
QB,Mitchell Trubisky (13304212),Mitchell Trubisky,13304212,QB,5500,CHI@DEN 09/15/2019 04:25PM ET,CHI,9.22
QB,Kyler Murray (13304213),Kyler Murray,13304213,QB,5400,ARI@BAL 09/15/2019 01:00PM ET,ARI,25.62
QB,Andy Dalton (13304214),Andy Dalton,13304214,QB,5400,SF@CIN 09/15/2019 01:00PM ET,CIN,25.72
RB,Aaron Jones (13304299),Aaron Jones,13304299,RB/FLEX,5400,MIN@GB 09/15/2019 01:00PM ET,GB,4.9
WR,Dede Westbrook (13304539),Dede Westbrook,13304539,WR/FLEX,5400,JAX@HOU 09/15/2019 01:00PM ET,JAX,14.2
RB,Giovani Bernard (13304301),Giovani Bernard,13304301,RB/FLEX,5300,SF@CIN 09/15/2019 01:00PM ET,CIN,8.3
WR,Dante Pettis (13304541),Dante Pettis,13304541,WR/FLEX,5300,SF@CIN 09/15/2019 01:00PM ET,SF,1.7
QB,Kirk Cousins (13304216),Kirk Cousins,13304216,QB,5300,MIN@GB 09/15/2019 01:00PM ET,MIN,14.32
WR,Will Fuller V (13304543),Will Fuller V,13304543,WR/FLEX,5300,JAX@HOU 09/15/2019 01:00PM ET,HOU,8.9
QB,Josh Allen (13304215),Josh Allen,13304215,QB,5300,BUF@NYG 09/15/2019 01:00PM ET,BUF,19.96
RB,Matt Breida (13304303),Matt Breida,13304303,RB/FLEX,5200,SF@CIN 09/15/2019 01:00PM ET,SF,3.7
QB,Matthew Stafford (13304217),Matthew Stafford,13304217,QB,5200,LAC@DET 09/15/2019 01:00PM ET,DET,31.6
WR,John Brown (13304545),John Brown,13304545,WR/FLEX,5200,BUF@NYG 09/15/2019 01:00PM ET,BUF,28.3
TE,Evan Engram (13304811),Evan Engram,13304811,TE/FLEX,5200,BUF@NYG 09/15/2019 01:00PM ET,NYG,31.6
QB,Nick Foles (13304219),Nick Foles,13304219,QB,5100,JAX@HOU 09/15/2019 01:00PM ET,JAX,7
RB,James White (13304305),James White,13304305,RB/FLEX,5100,NE@MIA 09/15/2019 01:00PM ET,NE,13.2
WR,Sterling Shepard (13304547),Sterling Shepard,13304547,WR/FLEX,5100,BUF@NYG 09/15/2019 01:00PM ET,NYG,10.2
QB,Derek Carr (13304218),Derek Carr,13304218,QB,5100,KC@OAK 09/15/2019 04:05PM ET,OAK,14.56
WR,Marquise Brown (13304549),Marquise Brown,13304549,WR/FLEX,5000,ARI@BAL 09/15/2019 01:00PM ET,BAL,33.7
RB,Duke Johnson (13304307),Duke Johnson,13304307,RB/FLEX,5000,JAX@HOU 09/15/2019 01:00PM ET,HOU,13
QB,Marcus Mariota (13304220),Marcus Mariota,13304220,QB,5000,IND@TEN 09/15/2019 01:00PM ET,TEN,24.32
QB,Jacoby Brissett (13304221),Jacoby Brissett,13304221,QB,5000,IND@TEN 09/15/2019 01:00PM ET,IND,16.5
QB,Case Keenum (13304222),Case Keenum,13304222,QB,5000,DAL@WAS 09/15/2019 01:00PM ET,WAS,30.2
WR,Marvin Jones Jr. (13304551),Marvin Jones Jr.,13304551,WR/FLEX,4900,LAC@DET 09/15/2019 01:00PM ET,DET,10
QB,Eli Manning (13304224),Eli Manning,13304224,QB,4900,BUF@NYG 09/15/2019 01:00PM ET,NYG,18.84
QB,Joe Flacco (13304223),Joe Flacco,13304223,QB,4900,CHI@DEN 09/15/2019 04:25PM ET,DEN,14.82
RB,David Montgomery (13304309),David Montgomery,13304309,RB/FLEX,4900,CHI@DEN 09/15/2019 04:25PM ET,CHI,5.5
RB,Tevin Coleman (13304311),Tevin Coleman,13304311,RB/FLEX,4800,SF@CIN 09/15/2019 01:00PM ET,SF,7.6
QB,Gardner Minshew II (13304225),Gardner Minshew II,13304225,QB,4800,JAX@HOU 09/15/2019 01:00PM ET,JAX,18.6
WR,Mecole Hardman (13304553),Mecole Hardman,13304553,WR/FLEX,4800,KC@OAK 09/15/2019 04:05PM ET,KC,0
QB,Ryan Fitzpatrick (13304226),Ryan Fitzpatrick,13304226,QB,4700,NE@MIA 09/15/2019 01:00PM ET,MIA,11.2
QB,Daniel Jones (13304227),Daniel Jones,13304227,QB,4700,BUF@NYG 09/15/2019 01:00PM ET,NYG,0.18
RB,LeSean McCoy (13304313),LeSean McCoy,13304313,RB/FLEX,4700,KC@OAK 09/15/2019 04:05PM ET,KC,10.3
RB,Josh Jacobs (13304315),Josh Jacobs,13304315,RB/FLEX,4700,KC@OAK 09/15/2019 04:05PM ET,OAK,24.3
WR,Emmanuel Sanders (13304555),Emmanuel Sanders,13304555,WR/FLEX,4700,CHI@DEN 09/15/2019 04:25PM ET,DEN,19.6
TE,Jared Cook (13304813),Jared Cook,13304813,TE/FLEX,4700,NO@LAR 09/15/2019 04:25PM ET,NO,5.7
WR,Larry Fitzgerald (13304559),Larry Fitzgerald,13304559,WR/FLEX,4600,ARI@BAL 09/15/2019 01:00PM ET,ARI,28.3
WR,John Ross III (13304561),John Ross III,13304561,WR/FLEX,4600,SF@CIN 09/15/2019 01:00PM ET,CIN,37.8
WR,Marquez Valdes-Scantling (13304557),Marquez Valdes-Scantling,13304557,WR/FLEX,4600,MIN@GB 09/15/2019 01:00PM ET,GB,9.2
QB,Josh Rosen (13304228),Josh Rosen,13304228,QB,4600,NE@MIA 09/15/2019 01:00PM ET,MIA,-0.8
RB,Phillip Lindsay (13304317),Phillip Lindsay,13304317,RB/FLEX,4600,CHI@DEN 09/15/2019 04:25PM ET,DEN,10.6
WR,Willie Snead IV (13304563),Willie Snead IV,13304563,WR/FLEX,4500,ARI@BAL 09/15/2019 01:00PM ET,BAL,12.1
WR,Christian Kirk (13304571),Christian Kirk,13304571,WR/FLEX,4500,ARI@BAL 09/15/2019 01:00PM ET,ARI,10.4
WR,DJ Chark Jr. (13304573),DJ Chark Jr.,13304573,WR/FLEX,4500,JAX@HOU 09/15/2019 01:00PM ET,JAX,27.6
RB,Kalen Ballage (13304321),Kalen Ballage,13304321,RB/FLEX,4500,NE@MIA 09/15/2019 01:00PM ET,MIA,2.2
WR,Golden Tate (13304569),Golden Tate,13304569,WR/FLEX,4500,BUF@NYG 09/15/2019 01:00PM ET,NYG,0
WR,Corey Davis (13304567),Corey Davis,13304567,WR/FLEX,4500,IND@TEN 09/15/2019 01:00PM ET,TEN,0
QB,Dwayne Haskins Jr. (13304229),Dwayne Haskins Jr.,13304229,QB,4500,DAL@WAS 09/15/2019 01:00PM ET,WAS,0
WR,Randall Cobb (13304575),Randall Cobb,13304575,WR/FLEX,4500,DAL@WAS 09/15/2019 01:00PM ET,DAL,16.9
RB,Tarik Cohen (13304319),Tarik Cohen,13304319,RB/FLEX,4500,CHI@DEN 09/15/2019 04:25PM ET,CHI,12.9
WR,Marquise Goodwin (13304577),Marquise Goodwin,13304577,WR/FLEX,4400,SF@CIN 09/15/2019 01:00PM ET,SF,1.7
RB,Justin Jackson (13304323),Justin Jackson,13304323,RB/FLEX,4400,LAC@DET 09/15/2019 01:00PM ET,LAC,7.1
WR,Geronimo Allison (13304565),Geronimo Allison,13304565,WR/FLEX,4400,MIN@GB 09/15/2019 01:00PM ET,GB,0
WR,Tyrell Williams (13304579),Tyrell Williams,13304579,WR/FLEX,4400,KC@OAK 09/15/2019 04:05PM ET,OAK,25.5
QB,Blake Bortles (13304230),Blake Bortles,13304230,QB,4400,NO@LAR 09/15/2019 04:25PM ET,LAR,0
QB,Teddy Bridgewater (13304231),Teddy Bridgewater,13304231,QB,4400,NO@LAR 09/15/2019 04:25PM ET,NO,0
QB,Nick Mullens (13304236),Nick Mullens,13304236,QB,4300,SF@CIN 09/15/2019 01:00PM ET,SF,0
TE,Hunter Henry (13304815),Hunter Henry,13304815,TE/FLEX,4300,LAC@DET 09/15/2019 01:00PM ET,LAC,10
RB,Kenyan Drake (13304325),Kenyan Drake,13304325,RB/FLEX,4300,NE@MIA 09/15/2019 01:00PM ET,MIA,4.7
QB,Matt Barkley (13304232),Matt Barkley,13304232,QB,4300,BUF@NYG 09/15/2019 01:00PM ET,BUF,0
WR,DK Metcalf (13304583),DK Metcalf,13304583,WR/FLEX,4300,SEA@PIT 09/15/2019 01:00PM ET,SEA,12.9
QB,Ryan Tannehill (13304235),Ryan Tannehill,13304235,QB,4300,IND@TEN 09/15/2019 01:00PM ET,TEN,-0.2
WR,Adam Humphries (13304581),Adam Humphries,13304581,WR/FLEX,4300,IND@TEN 09/15/2019 01:00PM ET,TEN,1.5
QB,Cooper Rush (13304234),Cooper Rush,13304234,QB,4300,DAL@WAS 09/15/2019 01:00PM ET,DAL,0
QB,Chase Daniel (13304233),Chase Daniel,13304233,QB,4300,CHI@DEN 09/15/2019 04:25PM ET,CHI,0
QB,Tyrod Taylor (13304240),Tyrod Taylor,13304240,QB,4200,LAC@DET 09/15/2019 01:00PM ET,LAC,0
QB,AJ McCarron (13304237),AJ McCarron,13304237,QB,4200,JAX@HOU 09/15/2019 01:00PM ET,HOU,0
WR,Marqise Lee (13304587),Marqise Lee,13304587,WR/FLEX,4200,JAX@HOU 09/15/2019 01:00PM ET,JAX,0
WR,Chris Conley (13304589),Chris Conley,13304589,WR/FLEX,4200,JAX@HOU 09/15/2019 01:00PM ET,JAX,21.7
QB,Jarrett Stidham (13304238),Jarrett Stidham,13304238,QB,4200,NE@MIA 09/15/2019 01:00PM ET,NE,0
RB,Devin Singletary (13304327),Devin Singletary,13304327,RB/FLEX,4200,BUF@NYG 09/15/2019 01:00PM ET,BUF,14.8
WR,Courtland Sutton (13304585),Courtland Sutton,13304585,WR/FLEX,4200,CHI@DEN 09/15/2019 04:25PM ET,DEN,22
QB,Taysom Hill (13304239),Taysom Hill,13304239,QB,4200,NO@LAR 09/15/2019 04:25PM ET,NO,8.7
WR,Kenny Stills (13304591),Kenny Stills,13304591,WR/FLEX,4100,JAX@HOU 09/15/2019 01:00PM ET,HOU,12.7
WR,DeVante Parker (13304595),DeVante Parker,13304595,WR/FLEX,4100,NE@MIA 09/15/2019 01:00PM ET,MIA,10.5
QB,Brian Hoyer (13304241),Brian Hoyer,13304241,QB,4100,IND@TEN 09/15/2019 01:00PM ET,IND,0
WR,Anthony Miller (13304593),Anthony Miller,13304593,WR/FLEX,4100,CHI@DEN 09/15/2019 04:25PM ET,CHI,0
RB,Malcolm Brown (13304329),Malcolm Brown,13304329,RB/FLEX,4100,NO@LAR 09/15/2019 04:25PM ET,LAR,17.3
QB,Brett Hundley (13304254),Brett Hundley,13304254,QB,4000,ARI@BAL 09/15/2019 01:00PM ET,ARI,0
QB,Robert Griffin III (13304261),Robert Griffin III,13304261,QB,4000,ARI@BAL 09/15/2019 01:00PM ET,BAL,7.1
QB,Trace McSorley (13304262),Trace McSorley,13304262,QB,4000,ARI@BAL 09/15/2019 01:00PM ET,BAL,0
QB,Ryan Finley (13304242),Ryan Finley,13304242,QB,4000,SF@CIN 09/15/2019 01:00PM ET,CIN,0
QB,Jake Dolegala (13304243),Jake Dolegala,13304243,QB,4000,SF@CIN 09/15/2019 01:00PM ET,CIN,0
QB,C.J. Beathard (13304258),C.J. Beathard,13304258,QB,4000,SF@CIN 09/15/2019 01:00PM ET,SF,0
QB,Josh Johnson (13304245),Josh Johnson,13304245,QB,4000,LAC@DET 09/15/2019 01:00PM ET,DET,0
QB,David Blough (13304246),David Blough,13304246,QB,4000,LAC@DET 09/15/2019 01:00PM ET,DET,0
QB,Easton Stick (13304257),Easton Stick,13304257,QB,4000,LAC@DET 09/15/2019 01:00PM ET,LAC,0
QB,Tim Boyle (13304247),Tim Boyle,13304247,QB,4000,MIN@GB 09/15/2019 01:00PM ET,GB,0
QB,Sean Mannion (13304252),Sean Mannion,13304252,QB,4000,MIN@GB 09/15/2019 01:00PM ET,MIN,0
QB,Josh Dobbs (13304256),Josh Dobbs,13304256,QB,4000,JAX@HOU 09/15/2019 01:00PM ET,JAX,0
QB,Alex Tanney (13304253),Alex Tanney,13304253,QB,4000,BUF@NYG 09/15/2019 01:00PM ET,NYG,0
QB,Mason Rudolph (13304255),Mason Rudolph,13304255,QB,4000,SEA@PIT 09/15/2019 01:00PM ET,PIT,0
QB,Geno Smith (13304259),Geno Smith,13304259,QB,4000,SEA@PIT 09/15/2019 01:00PM ET,SEA,0
RB,Rashaad Penny (13304333),Rashaad Penny,13304333,RB/FLEX,4000,SEA@PIT 09/15/2019 01:00PM ET,SEA,1.8
WR,Donte Moncrief (13304603),Donte Moncrief,13304603,WR/FLEX,4000,SEA@PIT 09/15/2019 01:00PM ET,PIT,3.7
QB,Chad Kelly (13304248),Chad Kelly,13304248,QB,4000,IND@TEN 09/15/2019 01:00PM ET,IND,0
RB,Dion Lewis (13304331),Dion Lewis,13304331,RB/FLEX,4000,IND@TEN 09/15/2019 01:00PM ET,TEN,4.3
WR,A.J. Brown (13304597),A.J. Brown,13304597,WR/FLEX,4000,IND@TEN 09/15/2019 01:00PM ET,TEN,16
QB,Colt McCoy (13304260),Colt McCoy,13304260,QB,4000,DAL@WAS 09/15/2019 01:00PM ET,WAS,0
WR,Paul Richardson Jr. (13304605),Paul Richardson Jr.,13304605,WR/FLEX,4000,DAL@WAS 09/15/2019 01:00PM ET,WAS,7.6
QB,Matt Moore (13304249),Matt Moore,13304249,QB,4000,KC@OAK 09/15/2019 04:05PM ET,KC,-0.1
QB,Mike Glennon (13304250),Mike Glennon,13304250,QB,4000,KC@OAK 09/15/2019 04:05PM ET,OAK,0
QB,DeShone Kizer (13304251),DeShone Kizer,13304251,QB,4000,KC@OAK 09/15/2019 04:05PM ET,OAK,0
WR,Hunter Renfrow (13304599),Hunter Renfrow,13304599,WR/FLEX,4000,KC@OAK 09/15/2019 04:05PM ET,OAK,3.3
QB,Brandon Allen (13304244),Brandon Allen,13304244,QB,4000,CHI@DEN 09/15/2019 04:25PM ET,DEN,0
WR,Ted Ginn Jr. (13304601),Ted Ginn Jr.,13304601,WR/FLEX,4000,NO@LAR 09/15/2019 04:25PM ET,NO,20.1
WR,Danny Amendola (13304607),Danny Amendola,13304607,WR/FLEX,3900,LAC@DET 09/15/2019 01:00PM ET,DET,26.4
TE,Vance McDonald (13304817),Vance McDonald,13304817,TE/FLEX,3900,SEA@PIT 09/15/2019 01:00PM ET,PIT,6
RB,Derrius Guice (13304335),Derrius Guice,13304335,RB/FLEX,3900,DAL@WAS 09/15/2019 01:00PM ET,WAS,6.8
RB,Chris Thompson (13304339),Chris Thompson,13304339,RB/FLEX,3900,DAL@WAS 09/15/2019 01:00PM ET,WAS,14.8
WR,Trey Quinn (13304609),Trey Quinn,13304609,WR/FLEX,3900,DAL@WAS 09/15/2019 01:00PM ET,WAS,13.3
DST,Bears  (13304997),Bears ,13304997,DST,3900,CHI@DEN 09/15/2019 04:25PM ET,CHI,9
RB,Darrell Henderson Jr. (13304337),Darrell Henderson Jr.,13304337,RB/FLEX,3900,NO@LAR 09/15/2019 04:25PM ET,LAR,0
TE,Mark Andrews (13304821),Mark Andrews,13304821,TE/FLEX,3800,ARI@BAL 09/15/2019 01:00PM ET,BAL,27.8
DST,Ravens  (13304998),Ravens ,13304998,DST,3800,ARI@BAL 09/15/2019 01:00PM ET,BAL,13
RB,Raheem Mostert (13304343),Raheem Mostert,13304343,RB/FLEX,3800,SF@CIN 09/15/2019 01:00PM ET,SF,5
WR,Keke Coutee (13304613),Keke Coutee,13304613,WR/FLEX,3800,JAX@HOU 09/15/2019 01:00PM ET,HOU,0
RB,Rex Burkhead (13304341),Rex Burkhead,13304341,RB/FLEX,3800,NE@MIA 09/15/2019 01:00PM ET,NE,13.5
WR,Albert Wilson (13304619),Albert Wilson,13304619,WR/FLEX,3800,NE@MIA 09/15/2019 01:00PM ET,MIA,3.4
WR,Cole Beasley (13304611),Cole Beasley,13304611,WR/FLEX,3800,BUF@NYG 09/15/2019 01:00PM ET,BUF,9
WR,Devin Funchess (13304617),Devin Funchess,13304617,WR/FLEX,3800,IND@TEN 09/15/2019 01:00PM ET,IND,6.2
TE,Eric Ebron (13304823),Eric Ebron,13304823,TE/FLEX,3800,IND@TEN 09/15/2019 01:00PM ET,IND,1.8
WR,Terry McLaurin (13304621),Terry McLaurin,13304621,WR/FLEX,3800,DAL@WAS 09/15/2019 01:00PM ET,WAS,26.5
WR,DaeSean Hamilton (13304615),DaeSean Hamilton,13304615,WR/FLEX,3800,CHI@DEN 09/15/2019 04:25PM ET,DEN,2.5
WR,Deebo Samuel (13304631),Deebo Samuel,13304631,WR/FLEX,3700,SF@CIN 09/15/2019 01:00PM ET,SF,5.7
RB,Alexander Mattison (13304351),Alexander Mattison,13304351,RB/FLEX,3700,MIN@GB 09/15/2019 01:00PM ET,MIN,4.9
TE,Jimmy Graham (13304825),Jimmy Graham,13304825,TE/FLEX,3700,MIN@GB 09/15/2019 01:00PM ET,GB,12
DST,Patriots  (13304999),Patriots ,13304999,DST,3700,NE@MIA 09/15/2019 01:00PM ET,NE,10
WR,Cody Latimer (13304629),Cody Latimer,13304629,WR/FLEX,3700,BUF@NYG 09/15/2019 01:00PM ET,NYG,10.4
RB,Nyheim Hines (13304349),Nyheim Hines,13304349,RB/FLEX,3700,IND@TEN 09/15/2019 01:00PM ET,IND,5.7
WR,Parris Campbell (13304625),Parris Campbell,13304625,WR/FLEX,3700,IND@TEN 09/15/2019 01:00PM ET,IND,1.8
RB,Tony Pollard (13304345),Tony Pollard,13304345,RB/FLEX,3700,DAL@WAS 09/15/2019 01:00PM ET,DAL,2.4
RB,Royce Freeman (13304347),Royce Freeman,13304347,RB/FLEX,3700,CHI@DEN 09/15/2019 04:25PM ET,DEN,7.1
WR,Taylor Gabriel (13304623),Taylor Gabriel,13304623,WR/FLEX,3700,CHI@DEN 09/15/2019 04:25PM ET,CHI,4.4
TE,Trey Burton (13304819),Trey Burton,13304819,TE/FLEX,3700,CHI@DEN 09/15/2019 04:25PM ET,CHI,0
RB,Latavius Murray (13304353),Latavius Murray,13304353,RB/FLEX,3700,NO@LAR 09/15/2019 04:25PM ET,NO,12.7
WR,Tre'Quan Smith (13304627),Tre'Quan Smith,13304627,WR/FLEX,3700,NO@LAR 09/15/2019 04:25PM ET,NO,10.6
RB,Carlos Hyde (13304355),Carlos Hyde,13304355,RB/FLEX,3600,JAX@HOU 09/15/2019 01:00PM ET,HOU,9.5
TE,Ben Watson (13304829),Ben Watson,13304829,TE/FLEX,3600,NE@MIA 09/15/2019 01:00PM ET,NE,0
RB,Jaylen Samuels (13304357),Jaylen Samuels,13304357,RB/FLEX,3600,SEA@PIT 09/15/2019 01:00PM ET,PIT,1.6
WR,James Washington (13304633),James Washington,13304633,WR/FLEX,3600,SEA@PIT 09/15/2019 01:00PM ET,PIT,7.1
RB,Samaje Perine (13304361),Samaje Perine,13304361,RB/FLEX,3500,SF@CIN 09/15/2019 01:00PM ET,CIN,0
RB,C.J. Anderson (13304363),C.J. Anderson,13304363,RB/FLEX,3500,LAC@DET 09/15/2019 01:00PM ET,DET,3.5
WR,Josh Doctson (13304643),Josh Doctson,13304643,WR/FLEX,3500,MIN@GB 09/15/2019 01:00PM ET,MIN,0
RB,Damien Harris (13304365),Damien Harris,13304365,RB/FLEX,3500,NE@MIA 09/15/2019 01:00PM ET,NE,0
RB,Frank Gore (13304359),Frank Gore,13304359,RB/FLEX,3500,BUF@NYG 09/15/2019 01:00PM ET,BUF,2
WR,Zay Jones (13304635),Zay Jones,13304635,WR/FLEX,3500,BUF@NYG 09/15/2019 01:00PM ET,BUF,3.8
TE,Delanie Walker (13304827),Delanie Walker,13304827,TE/FLEX,3500,IND@TEN 09/15/2019 01:00PM ET,TEN,22.5
WR,Demarcus Robinson (13304639),Demarcus Robinson,13304639,WR/FLEX,3500,KC@OAK 09/15/2019 04:05PM ET,KC,1
WR,J.J. Nelson (13304641),J.J. Nelson,13304641,WR/FLEX,3500,KC@OAK 09/15/2019 04:05PM ET,OAK,0
DST,Chiefs  (13305000),Chiefs ,13305000,DST,3500,KC@OAK 09/15/2019 04:05PM ET,KC,5
WR,Cordarrelle Patterson (13304637),Cordarrelle Patterson,13304637,WR/FLEX,3500,CHI@DEN 09/15/2019 04:25PM ET,CHI,1.1
WR,Preston Williams (13304645),Preston Williams,13304645,WR/FLEX,3400,NE@MIA 09/15/2019 01:00PM ET,MIA,11.4
WR,Demaryius Thomas (13304647),Demaryius Thomas,13304647,WR/FLEX,3400,NE@MIA 09/15/2019 01:00PM ET,NE,0
DST,Bills  (13305001),Bills ,13305001,DST,3400,BUF@NYG 09/15/2019 01:00PM ET,BUF,10
RB,Adrian Peterson (13304367),Adrian Peterson,13304367,RB/FLEX,3400,DAL@WAS 09/15/2019 01:00PM ET,WAS,0
TE,Jason Witten (13304831),Jason Witten,13304831,TE/FLEX,3400,DAL@WAS 09/15/2019 01:00PM ET,DAL,10.5
TE,Jordan Reed (13304833),Jordan Reed,13304833,TE/FLEX,3400,DAL@WAS 09/15/2019 01:00PM ET,WAS,0
RB,Justice Hill (13304375),Justice Hill,13304375,RB/FLEX,3300,ARI@BAL 09/15/2019 01:00PM ET,BAL,2.7
WR,Michael Crabtree (13304653),Michael Crabtree,13304653,WR/FLEX,3300,ARI@BAL 09/15/2019 01:00PM ET,ARI,0
WR,Chad Beebe (13304651),Chad Beebe,13304651,WR/FLEX,3300,MIN@GB 09/15/2019 01:00PM ET,MIN,1.9
WR,Keelan Cole (13304657),Keelan Cole,13304657,WR/FLEX,3300,JAX@HOU 09/15/2019 01:00PM ET,JAX,0
RB,Wayne Gallman Jr. (13304373),Wayne Gallman Jr.,13304373,RB/FLEX,3300,BUF@NYG 09/15/2019 01:00PM ET,NYG,13.1
WR,Robert Foster (13304649),Robert Foster,13304649,WR/FLEX,3300,BUF@NYG 09/15/2019 01:00PM ET,BUF,0
WR,Bennie Fowler III (13304659),Bennie Fowler III,13304659,WR/FLEX,3300,BUF@NYG 09/15/2019 01:00PM ET,NYG,9
WR,Jaron Brown (13304655),Jaron Brown,13304655,WR/FLEX,3300,SEA@PIT 09/15/2019 01:00PM ET,SEA,0
DST,Cowboys  (13305002),Cowboys ,13305002,DST,3300,DAL@WAS 09/15/2019 01:00PM ET,DAL,6
RB,Jalen Richard (13304371),Jalen Richard,13304371,RB/FLEX,3300,KC@OAK 09/15/2019 04:05PM ET,OAK,0.3
TE,Darren Waller (13304847),Darren Waller,13304847,TE/FLEX,3300,KC@OAK 09/15/2019 04:05PM ET,OAK,14
RB,Mike Davis (13304369),Mike Davis,13304369,RB/FLEX,3300,CHI@DEN 09/15/2019 04:25PM ET,CHI,9.6
RB,Chase Edmonds (13304383),Chase Edmonds,13304383,RB/FLEX,3200,ARI@BAL 09/15/2019 01:00PM ET,ARI,0.5
RB,Gus Edwards (13304389),Gus Edwards,13304389,RB/FLEX,3200,ARI@BAL 09/15/2019 01:00PM ET,BAL,5.6
WR,Andy Isabella (13304673),Andy Isabella,13304673,WR/FLEX,3200,ARI@BAL 09/15/2019 01:00PM ET,ARI,0
WR,Miles Boykin (13304679),Miles Boykin,13304679,WR/FLEX,3200,ARI@BAL 09/15/2019 01:00PM ET,BAL,7.5
WR,Damion Willis (13304661),Damion Willis,13304661,WR/FLEX,3200,SF@CIN 09/15/2019 01:00PM ET,CIN,6
WR,Alex Erickson (13304681),Alex Erickson,13304681,WR/FLEX,3200,SF@CIN 09/15/2019 01:00PM ET,CIN,5.8
WR,Richie James Jr. (13304687),Richie James Jr.,13304687,WR/FLEX,3200,SF@CIN 09/15/2019 01:00PM ET,SF,10.9
WR,Travis Benjamin (13304675),Travis Benjamin,13304675,WR/FLEX,3200,LAC@DET 09/15/2019 01:00PM ET,LAC,3.2
DST,Chargers  (13305003),Chargers ,13305003,DST,3200,LAC@DET 09/15/2019 01:00PM ET,LAC,2
RB,Jamaal Williams (13304379),Jamaal Williams,13304379,RB/FLEX,3200,MIN@GB 09/15/2019 01:00PM ET,GB,3.5
WR,Jake Kumerow (13304663),Jake Kumerow,13304663,WR/FLEX,3200,MIN@GB 09/15/2019 01:00PM ET,GB,0
TE,Kyle Rudolph (13304839),Kyle Rudolph,13304839,TE/FLEX,3200,MIN@GB 09/15/2019 01:00PM ET,MIN,0
RB,Ryquell Armstead (13304387),Ryquell Armstead,13304387,RB/FLEX,3200,JAX@HOU 09/15/2019 01:00PM ET,JAX,0.7
WR,Jakeem Grant (13304671),Jakeem Grant,13304671,WR/FLEX,3200,NE@MIA 09/15/2019 01:00PM ET,MIA,-0.3
WR,Allen Hurns (13304685),Allen Hurns,13304685,WR/FLEX,3200,NE@MIA 09/15/2019 01:00PM ET,MIA,3.2
RB,T.J. Yeldon (13304377),T.J. Yeldon,13304377,RB/FLEX,3200,BUF@NYG 09/15/2019 01:00PM ET,BUF,0
WR,David Moore (13304677),David Moore,13304677,WR/FLEX,3200,SEA@PIT 09/15/2019 01:00PM ET,SEA,0
WR,Tajae Sharpe (13304665),Tajae Sharpe,13304665,WR/FLEX,3200,IND@TEN 09/15/2019 01:00PM ET,TEN,0
RB,Wendell Smallwood (13304385),Wendell Smallwood,13304385,RB/FLEX,3200,DAL@WAS 09/15/2019 01:00PM ET,WAS,0
TE,Vernon Davis (13304841),Vernon Davis,13304841,TE/FLEX,3200,DAL@WAS 09/15/2019 01:00PM ET,WAS,15.9
RB,Darwin Thompson (13304381),Darwin Thompson,13304381,RB/FLEX,3200,KC@OAK 09/15/2019 04:05PM ET,KC,1.3
WR,Ryan Grant (13304667),Ryan Grant,13304667,WR/FLEX,3200,KC@OAK 09/15/2019 04:05PM ET,OAK,4.6
WR,De'Anthony Thomas (13304683),De'Anthony Thomas,13304683,WR/FLEX,3200,KC@OAK 09/15/2019 04:05PM ET,KC,0
WR,Josh Reynolds (13304669),Josh Reynolds,13304669,WR/FLEX,3200,NO@LAR 09/15/2019 04:25PM ET,LAR,0
RB,Patrick Ricard (13304397),Patrick Ricard,13304397,RB/FLEX,3100,ARI@BAL 09/15/2019 01:00PM ET,BAL,7.1
WR,KeeSean Johnson (13304697),KeeSean Johnson,13304697,WR/FLEX,3100,ARI@BAL 09/15/2019 01:00PM ET,ARI,9.6
WR,Chris Moore (13304701),Chris Moore,13304701,WR/FLEX,3100,ARI@BAL 09/15/2019 01:00PM ET,BAL,0
DST,Packers  (13305004),Packers ,13305004,DST,3100,MIN@GB 09/15/2019 01:00PM ET,GB,14
WR,DeAndre Carter (13304689),DeAndre Carter,13304689,WR/FLEX,3100,JAX@HOU 09/15/2019 01:00PM ET,HOU,0.9
RB,Paul Perkins (13304393),Paul Perkins,13304393,RB/FLEX,3100,BUF@NYG 09/15/2019 01:00PM ET,NYG,0
RB,Benny Snell Jr. (13304395),Benny Snell Jr.,13304395,RB/FLEX,3100,SEA@PIT 09/15/2019 01:00PM ET,PIT,0
WR,Ryan Switzer (13304699),Ryan Switzer,13304699,WR/FLEX,3100,SEA@PIT 09/15/2019 01:00PM ET,PIT,8.9
WR,Chester Rogers (13304693),Chester Rogers,13304693,WR/FLEX,3100,IND@TEN 09/15/2019 01:00PM ET,IND,0
TE,Jack Doyle (13304837),Jack Doyle,13304837,TE/FLEX,3100,IND@TEN 09/15/2019 01:00PM ET,IND,3
DST,Titans  (13305005),Titans ,13305005,DST,3100,IND@TEN 09/15/2019 01:00PM ET,TEN,23
RB,Darrel Williams (13304391),Darrel Williams,13304391,RB/FLEX,3100,KC@OAK 09/15/2019 04:05PM ET,KC,0
WR,Javon Wims (13304691),Javon Wims,13304691,WR/FLEX,3100,CHI@DEN 09/15/2019 04:25PM ET,CHI,0
TE,Adam Shaheen (13304835),Adam Shaheen,13304835,TE/FLEX,3100,CHI@DEN 09/15/2019 04:25PM ET,CHI,1.6
WR,Keith Kirkwood (13304695),Keith Kirkwood,13304695,WR/FLEX,3100,NO@LAR 09/15/2019 04:25PM ET,NO,0
RB,D.J. Foster (13304471),D.J. Foster,13304471,RB/FLEX,3000,ARI@BAL 09/15/2019 01:00PM ET,ARI,0
WR,Trent Sherfield (13304773),Trent Sherfield,13304773,WR/FLEX,3000,ARI@BAL 09/15/2019 01:00PM ET,ARI,0
WR,Damiere Byrd (13304775),Damiere Byrd,13304775,WR/FLEX,3000,ARI@BAL 09/15/2019 01:00PM ET,ARI,8.2
WR,Seth Roberts (13304803),Seth Roberts,13304803,WR/FLEX,3000,ARI@BAL 09/15/2019 01:00PM ET,BAL,2
WR,Jaleel Scott (13304805),Jaleel Scott,13304805,WR/FLEX,3000,ARI@BAL 09/15/2019 01:00PM ET,BAL,0
RB,Trayveon Williams (13304411),Trayveon Williams,13304411,RB/FLEX,3000,SF@CIN 09/15/2019 01:00PM ET,CIN,0
RB,Kyle Juszczyk (13304479),Kyle Juszczyk,13304479,RB/FLEX,3000,SF@CIN 09/15/2019 01:00PM ET,SF,0
WR,Pharoh Cooper (13304709),Pharoh Cooper,13304709,WR/FLEX,3000,SF@CIN 09/15/2019 01:00PM ET,CIN,0
WR,Auden Tate (13304711),Auden Tate,13304711,WR/FLEX,3000,SF@CIN 09/15/2019 01:00PM ET,CIN,0
WR,Kendrick Bourne (13304785),Kendrick Bourne,13304785,WR/FLEX,3000,SF@CIN 09/15/2019 01:00PM ET,SF,1.9
WR,Trent Taylor (13304787),Trent Taylor,13304787,WR/FLEX,3000,SF@CIN 09/15/2019 01:00PM ET,SF,0
WR,Jalen Hurd (13304789),Jalen Hurd,13304789,WR/FLEX,3000,SF@CIN 09/15/2019 01:00PM ET,SF,0
RB,Ty Johnson (13304421),Ty Johnson,13304421,RB/FLEX,3000,LAC@DET 09/15/2019 01:00PM ET,DET,0.6
RB,J.D. McKissic (13304423),J.D. McKissic,13304423,RB/FLEX,3000,LAC@DET 09/15/2019 01:00PM ET,DET,4.4
RB,Nick Bawden (13304425),Nick Bawden,13304425,RB/FLEX,3000,LAC@DET 09/15/2019 01:00PM ET,DET,1
RB,Troymaine Pope (13304475),Troymaine Pope,13304475,RB/FLEX,3000,LAC@DET 09/15/2019 01:00PM ET,LAC,0
RB,Derek Watt (13304477),Derek Watt,13304477,RB/FLEX,3000,LAC@DET 09/15/2019 01:00PM ET,LAC,0.4
WR,Chris Lacy (13304723),Chris Lacy,13304723,WR/FLEX,3000,LAC@DET 09/15/2019 01:00PM ET,DET,0
WR,Travis Fulgham (13304725),Travis Fulgham,13304725,WR/FLEX,3000,LAC@DET 09/15/2019 01:00PM ET,DET,0
WR,Geremy Davis (13304781),Geremy Davis,13304781,WR/FLEX,3000,LAC@DET 09/15/2019 01:00PM ET,LAC,0
WR,Dontrelle Inman (13304783),Dontrelle Inman,13304783,WR/FLEX,3000,LAC@DET 09/15/2019 01:00PM ET,LAC,1.5
TE,T.J. Hockenson (13304845),T.J. Hockenson,13304845,TE/FLEX,3000,LAC@DET 09/15/2019 01:00PM ET,DET,28.1
DST,Lions  (13305006),Lions ,13305006,DST,3000,LAC@DET 09/15/2019 01:00PM ET,DET,7
RB,Dexter Williams (13304427),Dexter Williams,13304427,RB/FLEX,3000,MIN@GB 09/15/2019 01:00PM ET,GB,0
RB,Danny Vitale (13304429),Danny Vitale,13304429,RB/FLEX,3000,MIN@GB 09/15/2019 01:00PM ET,GB,0
RB,Ameer Abdullah (13304455),Ameer Abdullah,13304455,RB/FLEX,3000,MIN@GB 09/15/2019 01:00PM ET,MIN,0.8
RB,Mike Boone (13304457),Mike Boone,13304457,RB/FLEX,3000,MIN@GB 09/15/2019 01:00PM ET,MIN,0
RB,C.J. Ham (13304459),C.J. Ham,13304459,RB/FLEX,3000,MIN@GB 09/15/2019 01:00PM ET,MIN,0
WR,Trevor Davis (13304727),Trevor Davis,13304727,WR/FLEX,3000,MIN@GB 09/15/2019 01:00PM ET,GB,3.8
WR,Darrius Shepherd (13304729),Darrius Shepherd,13304729,WR/FLEX,3000,MIN@GB 09/15/2019 01:00PM ET,GB,0
WR,Allen Lazard (13304731),Allen Lazard,13304731,WR/FLEX,3000,MIN@GB 09/15/2019 01:00PM ET,GB,0
WR,Laquon Treadwell (13304751),Laquon Treadwell,13304751,WR/FLEX,3000,MIN@GB 09/15/2019 01:00PM ET,MIN,0
WR,Olabisi Johnson (13304753),Olabisi Johnson,13304753,WR/FLEX,3000,MIN@GB 09/15/2019 01:00PM ET,MIN,0
DST,Vikings  (13305007),Vikings ,13305007,DST,3000,MIN@GB 09/15/2019 01:00PM ET,MIN,16
RB,Roc Thomas (13304399),Roc Thomas,13304399,RB/FLEX,3000,JAX@HOU 09/15/2019 01:00PM ET,JAX,0
RB,Taiwan Jones (13304403),Taiwan Jones,13304403,RB/FLEX,3000,JAX@HOU 09/15/2019 01:00PM ET,HOU,0
RB,Buddy Howell (13304405),Buddy Howell,13304405,RB/FLEX,3000,JAX@HOU 09/15/2019 01:00PM ET,HOU,0
RB,Cullen Gillaspia (13304407),Cullen Gillaspia,13304407,RB/FLEX,3000,JAX@HOU 09/15/2019 01:00PM ET,HOU,0
RB,Tyler Ervin (13304487),Tyler Ervin,13304487,RB/FLEX,3000,JAX@HOU 09/15/2019 01:00PM ET,JAX,0
RB,Devine Ozigbo (13304489),Devine Ozigbo,13304489,RB/FLEX,3000,JAX@HOU 09/15/2019 01:00PM ET,JAX,0
WR,C.J. Board (13304801),C.J. Board,13304801,WR/FLEX,3000,JAX@HOU 09/15/2019 01:00PM ET,JAX,0
RB,Mark Walton (13304447),Mark Walton,13304447,RB/FLEX,3000,NE@MIA 09/15/2019 01:00PM ET,MIA,0.1
RB,Patrick Laird (13304449),Patrick Laird,13304449,RB/FLEX,3000,NE@MIA 09/15/2019 01:00PM ET,MIA,0
RB,Chandler Cox (13304451),Chandler Cox,13304451,RB/FLEX,3000,NE@MIA 09/15/2019 01:00PM ET,MIA,0
RB,Myles Gaskin (13304453),Myles Gaskin,13304453,RB/FLEX,3000,NE@MIA 09/15/2019 01:00PM ET,MIA,0
RB,Brandon Bolden (13304461),Brandon Bolden,13304461,RB/FLEX,3000,NE@MIA 09/15/2019 01:00PM ET,NE,0.7
RB,James Develin (13304463),James Develin,13304463,RB/FLEX,3000,NE@MIA 09/15/2019 01:00PM ET,NE,0
WR,N'Keal Harry (13304755),N'Keal Harry,13304755,WR/FLEX,3000,NE@MIA 09/15/2019 01:00PM ET,NE,0
WR,Phillip Dorsett II (13304757),Phillip Dorsett II,13304757,WR/FLEX,3000,NE@MIA 09/15/2019 01:00PM ET,NE,25.5
WR,Jakobi Meyers (13304759),Jakobi Meyers,13304759,WR/FLEX,3000,NE@MIA 09/15/2019 01:00PM ET,NE,3.2
WR,Matthew Slater (13304761),Matthew Slater,13304761,WR/FLEX,3000,NE@MIA 09/15/2019 01:00PM ET,NE,0
WR,Gunner Olszewski (13305023),Gunner Olszewski,13305023,WR/FLEX,3000,NE@MIA 09/15/2019 01:00PM ET,NE,0
RB,Patrick DiMarco (13304401),Patrick DiMarco,13304401,RB/FLEX,3000,BUF@NYG 09/15/2019 01:00PM ET,BUF,2.9
RB,Elijhaa Penny (13304469),Elijhaa Penny,13304469,RB/FLEX,3000,BUF@NYG 09/15/2019 01:00PM ET,NYG,0.3
WR,Andre Roberts (13304703),Andre Roberts,13304703,WR/FLEX,3000,BUF@NYG 09/15/2019 01:00PM ET,BUF,0
WR,Isaiah McKenzie (13304705),Isaiah McKenzie,13304705,WR/FLEX,3000,BUF@NYG 09/15/2019 01:00PM ET,BUF,0
WR,Russell Shepard (13304767),Russell Shepard,13304767,WR/FLEX,3000,BUF@NYG 09/15/2019 01:00PM ET,NYG,0
WR,Darius Slayton (13304769),Darius Slayton,13304769,WR/FLEX,3000,BUF@NYG 09/15/2019 01:00PM ET,NYG,0
WR,Cody Core (13304771),Cody Core,13304771,WR/FLEX,3000,BUF@NYG 09/15/2019 01:00PM ET,NYG,0
RB,Roosevelt Nix (13304473),Roosevelt Nix,13304473,RB/FLEX,3000,SEA@PIT 09/15/2019 01:00PM ET,PIT,0
RB,C.J. Prosise (13304481),C.J. Prosise,13304481,RB/FLEX,3000,SEA@PIT 09/15/2019 01:00PM ET,SEA,0
RB,Travis Homer (13304483),Travis Homer,13304483,RB/FLEX,3000,SEA@PIT 09/15/2019 01:00PM ET,SEA,0
RB,Nick Bellore (13304485),Nick Bellore,13304485,RB/FLEX,3000,SEA@PIT 09/15/2019 01:00PM ET,SEA,0
WR,Diontae Johnson (13304777),Diontae Johnson,13304777,WR/FLEX,3000,SEA@PIT 09/15/2019 01:00PM ET,PIT,5.5
WR,Johnny Holton (13304779),Johnny Holton,13304779,WR/FLEX,3000,SEA@PIT 09/15/2019 01:00PM ET,PIT,0
WR,Gary Jennings (13304791),Gary Jennings,13304791,WR/FLEX,3000,SEA@PIT 09/15/2019 01:00PM ET,SEA,0
WR,Malik Turner (13304793),Malik Turner,13304793,WR/FLEX,3000,SEA@PIT 09/15/2019 01:00PM ET,SEA,0
WR,John Ursua (13304795),John Ursua,13304795,WR/FLEX,3000,SEA@PIT 09/15/2019 01:00PM ET,SEA,0
RB,David Fluellen (13304431),David Fluellen,13304431,RB/FLEX,3000,IND@TEN 09/15/2019 01:00PM ET,TEN,0
RB,Dalyn Dawkins (13304433),Dalyn Dawkins,13304433,RB/FLEX,3000,IND@TEN 09/15/2019 01:00PM ET,TEN,0
RB,Jordan Wilkins (13304435),Jordan Wilkins,13304435,RB/FLEX,3000,IND@TEN 09/15/2019 01:00PM ET,IND,0
RB,Jonathan Williams (13304437),Jonathan Williams,13304437,RB/FLEX,3000,IND@TEN 09/15/2019 01:00PM ET,IND,0
WR,Darius Jennings (13304733),Darius Jennings,13304733,WR/FLEX,3000,IND@TEN 09/15/2019 01:00PM ET,TEN,0
WR,Zach Pascal (13304735),Zach Pascal,13304735,WR/FLEX,3000,IND@TEN 09/15/2019 01:00PM ET,IND,0
WR,Deon Cain (13304737),Deon Cain,13304737,WR/FLEX,3000,IND@TEN 09/15/2019 01:00PM ET,IND,5.5
RB,Jordan Chunn (13304413),Jordan Chunn,13304413,RB/FLEX,3000,DAL@WAS 09/15/2019 01:00PM ET,DAL,0
RB,Jamize Olawale (13304415),Jamize Olawale,13304415,RB/FLEX,3000,DAL@WAS 09/15/2019 01:00PM ET,DAL,0
WR,Tavon Austin (13304713),Tavon Austin,13304713,WR/FLEX,3000,DAL@WAS 09/15/2019 01:00PM ET,DAL,1.8
WR,Devin Smith (13304715),Devin Smith,13304715,WR/FLEX,3000,DAL@WAS 09/15/2019 01:00PM ET,DAL,0
WR,Kelvin Harmon (13304797),Kelvin Harmon,13304797,WR/FLEX,3000,DAL@WAS 09/15/2019 01:00PM ET,WAS,5.1
WR,Steven Sims Jr. (13304799),Steven Sims Jr.,13304799,WR/FLEX,3000,DAL@WAS 09/15/2019 01:00PM ET,WAS,0
RB,Anthony Sherman (13304439),Anthony Sherman,13304439,RB/FLEX,3000,KC@OAK 09/15/2019 04:05PM ET,KC,2.5
RB,Isaiah Crowell (13304441),Isaiah Crowell,13304441,RB/FLEX,3000,KC@OAK 09/15/2019 04:05PM ET,OAK,0
RB,DeAndre Washington (13304443),DeAndre Washington,13304443,RB/FLEX,3000,KC@OAK 09/15/2019 04:05PM ET,OAK,0.8
RB,Alec Ingold (13304445),Alec Ingold,13304445,RB/FLEX,3000,KC@OAK 09/15/2019 04:05PM ET,OAK,0
WR,Byron Pringle (13304739),Byron Pringle,13304739,WR/FLEX,3000,KC@OAK 09/15/2019 04:05PM ET,KC,0
WR,Dwayne Harris (13304741),Dwayne Harris,13304741,WR/FLEX,3000,KC@OAK 09/15/2019 04:05PM ET,OAK,1.7
WR,Jalin Marshall (13304743),Jalin Marshall,13304743,WR/FLEX,3000,KC@OAK 09/15/2019 04:05PM ET,OAK,0
RB,Kerrith Whyte Jr. (13304409),Kerrith Whyte Jr.,13304409,RB/FLEX,3000,CHI@DEN 09/15/2019 04:25PM ET,CHI,0
RB,Devontae Booker (13304417),Devontae Booker,13304417,RB/FLEX,3000,CHI@DEN 09/15/2019 04:25PM ET,DEN,0
RB,Andy Janovich (13304419),Andy Janovich,13304419,RB/FLEX,3000,CHI@DEN 09/15/2019 04:25PM ET,DEN,0
WR,Riley Ridley (13304707),Riley Ridley,13304707,WR/FLEX,3000,CHI@DEN 09/15/2019 04:25PM ET,CHI,0
WR,Tim Patrick (13304717),Tim Patrick,13304717,WR/FLEX,3000,CHI@DEN 09/15/2019 04:25PM ET,DEN,0
WR,Juwann Winfree (13304719),Juwann Winfree,13304719,WR/FLEX,3000,CHI@DEN 09/15/2019 04:25PM ET,DEN,0
WR,Diontae Spencer (13304721),Diontae Spencer,13304721,WR/FLEX,3000,CHI@DEN 09/15/2019 04:25PM ET,DEN,0
TE,Noah Fant (13304843),Noah Fant,13304843,TE/FLEX,3000,CHI@DEN 09/15/2019 04:25PM ET,DEN,4.4
RB,Dwayne Washington (13304465),Dwayne Washington,13304465,RB/FLEX,3000,NO@LAR 09/15/2019 04:25PM ET,NO,0
RB,Zach Line (13304467),Zach Line,13304467,RB/FLEX,3000,NO@LAR 09/15/2019 04:25PM ET,NO,0
WR,JoJo Natson (13304745),JoJo Natson,13304745,WR/FLEX,3000,NO@LAR 09/15/2019 04:25PM ET,LAR,0
WR,Mike Thomas (13304747),Mike Thomas,13304747,WR/FLEX,3000,NO@LAR 09/15/2019 04:25PM ET,LAR,0
WR,Nsimba Webster (13304749),Nsimba Webster,13304749,WR/FLEX,3000,NO@LAR 09/15/2019 04:25PM ET,LAR,0
WR,Austin Carr (13304763),Austin Carr,13304763,WR/FLEX,3000,NO@LAR 09/15/2019 04:25PM ET,NO,0
WR,Deonte Harris (13304765),Deonte Harris,13304765,WR/FLEX,3000,NO@LAR 09/15/2019 04:25PM ET,NO,0
TE,Hayden Hurst (13304855),Hayden Hurst,13304855,TE/FLEX,2900,ARI@BAL 09/15/2019 01:00PM ET,BAL,7.1
TE,Tyler Eifert (13304849),Tyler Eifert,13304849,TE/FLEX,2900,SF@CIN 09/15/2019 01:00PM ET,CIN,7.7
DST,Seahawks  (13305008),Seahawks ,13305008,DST,2900,SEA@PIT 09/15/2019 01:00PM ET,SEA,12
TE,Blake Jarwin (13304851),Blake Jarwin,13304851,TE/FLEX,2900,DAL@WAS 09/15/2019 01:00PM ET,DAL,12.9
TE,Tyler Higbee (13304853),Tyler Higbee,13304853,TE/FLEX,2900,NO@LAR 09/15/2019 04:25PM ET,LAR,12
TE,C.J. Uzomah (13304861),C.J. Uzomah,13304861,TE/FLEX,2800,SF@CIN 09/15/2019 01:00PM ET,CIN,10.6
DST,49ers  (13305010),49ers ,13305010,DST,2800,SF@CIN 09/15/2019 01:00PM ET,SF,27
DST,Texans  (13305009),Texans ,13305009,DST,2800,JAX@HOU 09/15/2019 01:00PM ET,HOU,2
TE,Will Dissly (13304859),Will Dissly,13304859,TE/FLEX,2800,SEA@PIT 09/15/2019 01:00PM ET,SEA,2.2
TE,Jeff Heuerman (13304857),Jeff Heuerman,13304857,TE/FLEX,2800,CHI@DEN 09/15/2019 04:25PM ET,DEN,0
TE,Charles Clay (13304877),Charles Clay,13304877,TE/FLEX,2700,ARI@BAL 09/15/2019 01:00PM ET,ARI,1.5
TE,Virgil Green (13304879),Virgil Green,13304879,TE/FLEX,2700,LAC@DET 09/15/2019 01:00PM ET,LAC,1.4
TE,Irv Smith Jr. (13304871),Irv Smith Jr.,13304871,TE/FLEX,2700,MIN@GB 09/15/2019 01:00PM ET,MIN,0
TE,Jordan Akins (13304865),Jordan Akins,13304865,TE/FLEX,2700,JAX@HOU 09/15/2019 01:00PM ET,HOU,2.7
TE,Geoff Swaim (13304881),Geoff Swaim,13304881,TE/FLEX,2700,JAX@HOU 09/15/2019 01:00PM ET,JAX,5.7
TE,Mike Gesicki (13304869),Mike Gesicki,13304869,TE/FLEX,2700,NE@MIA 09/15/2019 01:00PM ET,MIA,5.1
TE,Lance Kendricks (13304873),Lance Kendricks,13304873,TE/FLEX,2700,NE@MIA 09/15/2019 01:00PM ET,NE,0
TE,Matt LaCosse (13304875),Matt LaCosse,13304875,TE/FLEX,2700,NE@MIA 09/15/2019 01:00PM ET,NE,0
TE,Tyler Kroft (13304863),Tyler Kroft,13304863,TE/FLEX,2700,BUF@NYG 09/15/2019 01:00PM ET,BUF,0
DST,Broncos  (13305012),Broncos ,13305012,DST,2700,CHI@DEN 09/15/2019 04:25PM ET,DEN,0
TE,Gerald Everett (13304867),Gerald Everett,13304867,TE/FLEX,2700,NO@LAR 09/15/2019 04:25PM ET,LAR,1.7
DST,Rams  (13305011),Rams ,13305011,DST,2700,NO@LAR 09/15/2019 04:25PM ET,LAR,9
TE,Nick Boyle (13304893),Nick Boyle,13304893,TE/FLEX,2600,ARI@BAL 09/15/2019 01:00PM ET,BAL,5.6
DST,Bengals  (13305014),Bengals ,13305014,DST,2600,SF@CIN 09/15/2019 01:00PM ET,CIN,6
TE,Jesse James (13304885),Jesse James,13304885,TE/FLEX,2600,LAC@DET 09/15/2019 01:00PM ET,DET,2.5
TE,James O'Shaughnessy (13304891),James O'Shaughnessy,13304891,TE/FLEX,2600,JAX@HOU 09/15/2019 01:00PM ET,JAX,7.2
TE,Tommy Sweeney (13304883),Tommy Sweeney,13304883,TE/FLEX,2600,BUF@NYG 09/15/2019 01:00PM ET,BUF,5.5
TE,Nick Vannett (13304889),Nick Vannett,13304889,TE/FLEX,2600,SEA@PIT 09/15/2019 01:00PM ET,SEA,3.6
TE,Jonnu Smith (13304887),Jonnu Smith,13304887,TE/FLEX,2600,IND@TEN 09/15/2019 01:00PM ET,TEN,2.7
DST,Saints  (13305013),Saints ,13305013,DST,2600,NO@LAR 09/15/2019 04:25PM ET,NO,7
TE,Maxx Williams (13304969),Maxx Williams,13304969,TE/FLEX,2500,ARI@BAL 09/15/2019 01:00PM ET,ARI,2.5
TE,Darrell Daniels (13304971),Darrell Daniels,13304971,TE/FLEX,2500,ARI@BAL 09/15/2019 01:00PM ET,ARI,0
TE,Drew Sample (13304911),Drew Sample,13304911,TE/FLEX,2500,SF@CIN 09/15/2019 01:00PM ET,CIN,0
TE,Cethan Carter (13304913),Cethan Carter,13304913,TE/FLEX,2500,SF@CIN 09/15/2019 01:00PM ET,CIN,0
TE,Clark Harris (13304915),Clark Harris,13304915,TE/FLEX,2500,SF@CIN 09/15/2019 01:00PM ET,CIN,0
TE,Ross Dwelley (13304979),Ross Dwelley,13304979,TE/FLEX,2500,SF@CIN 09/15/2019 01:00PM ET,SF,0
TE,Levine Toilolo (13304981),Levine Toilolo,13304981,TE/FLEX,2500,SF@CIN 09/15/2019 01:00PM ET,SF,0
TE,Kaden Smith (13304983),Kaden Smith,13304983,TE/FLEX,2500,SF@CIN 09/15/2019 01:00PM ET,SF,0
TE,Logan Thomas (13304923),Logan Thomas,13304923,TE/FLEX,2500,LAC@DET 09/15/2019 01:00PM ET,DET,0
TE,Sean Culkin (13304977),Sean Culkin,13304977,TE/FLEX,2500,LAC@DET 09/15/2019 01:00PM ET,LAC,0
TE,Marcedes Lewis (13304925),Marcedes Lewis,13304925,TE/FLEX,2500,MIN@GB 09/15/2019 01:00PM ET,GB,3.4
TE,Robert Tonyan (13304927),Robert Tonyan,13304927,TE/FLEX,2500,MIN@GB 09/15/2019 01:00PM ET,GB,3.8
TE,Tyler Conklin (13304955),Tyler Conklin,13304955,TE/FLEX,2500,MIN@GB 09/15/2019 01:00PM ET,MIN,0
TE,Brandon Dillon (13304957),Brandon Dillon,13304957,TE/FLEX,2500,MIN@GB 09/15/2019 01:00PM ET,MIN,0
TE,Darren Fells (13304899),Darren Fells,13304899,TE/FLEX,2500,JAX@HOU 09/15/2019 01:00PM ET,HOU,0
TE,Jerell Adams (13304901),Jerell Adams,13304901,TE/FLEX,2500,JAX@HOU 09/15/2019 01:00PM ET,HOU,0
TE,Logan Paulsen (13304903),Logan Paulsen,13304903,TE/FLEX,2500,JAX@HOU 09/15/2019 01:00PM ET,HOU,0
TE,Josh Oliver (13304991),Josh Oliver,13304991,TE/FLEX,2500,JAX@HOU 09/15/2019 01:00PM ET,JAX,0
TE,Seth DeValve (13304993),Seth DeValve,13304993,TE/FLEX,2500,JAX@HOU 09/15/2019 01:00PM ET,JAX,0
TE,Matt Orzech (13304995),Matt Orzech,13304995,TE/FLEX,2500,JAX@HOU 09/15/2019 01:00PM ET,JAX,0
TE,Durham Smythe (13304951),Durham Smythe,13304951,TE/FLEX,2500,NE@MIA 09/15/2019 01:00PM ET,MIA,0
TE,Nick O'Leary (13304953),Nick O'Leary,13304953,TE/FLEX,2500,NE@MIA 09/15/2019 01:00PM ET,MIA,0
TE,Ryan Izzo (13304959),Ryan Izzo,13304959,TE/FLEX,2500,NE@MIA 09/15/2019 01:00PM ET,NE,1.3
TE,Dawson Knox (13304895),Dawson Knox,13304895,TE/FLEX,2500,BUF@NYG 09/15/2019 01:00PM ET,BUF,1.1
TE,Lee Smith (13304897),Lee Smith,13304897,TE/FLEX,2500,BUF@NYG 09/15/2019 01:00PM ET,BUF,0
TE,Rhett Ellison (13304963),Rhett Ellison,13304963,TE/FLEX,2500,BUF@NYG 09/15/2019 01:00PM ET,NYG,1.8
TE,Garrett Dickerson (13304965),Garrett Dickerson,13304965,TE/FLEX,2500,BUF@NYG 09/15/2019 01:00PM ET,NYG,0
TE,Eric Tomlinson (13304967),Eric Tomlinson,13304967,TE/FLEX,2500,BUF@NYG 09/15/2019 01:00PM ET,NYG,0
DST,Giants  (13305016),Giants ,13305016,DST,2500,BUF@NYG 09/15/2019 01:00PM ET,NYG,-4
TE,Xavier Grimble (13304973),Xavier Grimble,13304973,TE/FLEX,2500,SEA@PIT 09/15/2019 01:00PM ET,PIT,0
TE,Zach Gentry (13304975),Zach Gentry,13304975,TE/FLEX,2500,SEA@PIT 09/15/2019 01:00PM ET,PIT,0
TE,Tyler Ott (13304985),Tyler Ott,13304985,TE/FLEX,2500,SEA@PIT 09/15/2019 01:00PM ET,SEA,0
TE,MyCole Pruitt (13304929),MyCole Pruitt,13304929,TE/FLEX,2500,IND@TEN 09/15/2019 01:00PM ET,TEN,0
TE,Anthony Firkser (13304931),Anthony Firkser,13304931,TE/FLEX,2500,IND@TEN 09/15/2019 01:00PM ET,TEN,0
TE,Beau Brinkley (13304933),Beau Brinkley,13304933,TE/FLEX,2500,IND@TEN 09/15/2019 01:00PM ET,TEN,0
TE,Mo Alie-Cox (13304935),Mo Alie-Cox,13304935,TE/FLEX,2500,IND@TEN 09/15/2019 01:00PM ET,IND,1.3
TE,Hale Hentges (13304937),Hale Hentges,13304937,TE/FLEX,2500,IND@TEN 09/15/2019 01:00PM ET,IND,0
DST,Colts  (13305015),Colts ,13305015,DST,2500,IND@TEN 09/15/2019 01:00PM ET,IND,7
TE,Dalton Schultz (13304917),Dalton Schultz,13304917,TE/FLEX,2500,DAL@WAS 09/15/2019 01:00PM ET,DAL,0
TE,Jeremy Sprinkle (13304987),Jeremy Sprinkle,13304987,TE/FLEX,2500,DAL@WAS 09/15/2019 01:00PM ET,WAS,1.8
TE,Deon Yelder (13304939),Deon Yelder,13304939,TE/FLEX,2500,KC@OAK 09/15/2019 04:05PM ET,KC,0
TE,Blake Bell (13304941),Blake Bell,13304941,TE/FLEX,2500,KC@OAK 09/15/2019 04:05PM ET,KC,1.7
TE,James Winchester (13304943),James Winchester,13304943,TE/FLEX,2500,KC@OAK 09/15/2019 04:05PM ET,KC,0
TE,Foster Moreau (13304945),Foster Moreau,13304945,TE/FLEX,2500,KC@OAK 09/15/2019 04:05PM ET,OAK,4
TE,Derek Carrier (13304947),Derek Carrier,13304947,TE/FLEX,2500,KC@OAK 09/15/2019 04:05PM ET,OAK,0
TE,Ben Braunecker (13304905),Ben Braunecker,13304905,TE/FLEX,2500,CHI@DEN 09/15/2019 04:25PM ET,CHI,0
TE,Bradley Sowell (13304907),Bradley Sowell,13304907,TE/FLEX,2500,CHI@DEN 09/15/2019 04:25PM ET,CHI,0
TE,Patrick Scales (13304909),Patrick Scales,13304909,TE/FLEX,2500,CHI@DEN 09/15/2019 04:25PM ET,CHI,0
TE,Troy Fumagalli (13304919),Troy Fumagalli,13304919,TE/FLEX,2500,CHI@DEN 09/15/2019 04:25PM ET,DEN,0
TE,Andrew Beck (13304921),Andrew Beck,13304921,TE/FLEX,2500,CHI@DEN 09/15/2019 04:25PM ET,DEN,0
TE,J.P. Holtz (13304989),J.P. Holtz,13304989,TE/FLEX,2500,CHI@DEN 09/15/2019 04:25PM ET,CHI,0
TE,Johnny Mundt (13304949),Johnny Mundt,13304949,TE/FLEX,2500,NO@LAR 09/15/2019 04:25PM ET,LAR,0
TE,Josh Hill (13304961),Josh Hill,13304961,TE/FLEX,2500,NO@LAR 09/15/2019 04:25PM ET,NO,0.8
DST,Jaguars  (13305018),Jaguars ,13305018,DST,2400,JAX@HOU 09/15/2019 01:00PM ET,JAX,-4
DST,Steelers  (13305017),Steelers ,13305017,DST,2400,SEA@PIT 09/15/2019 01:00PM ET,PIT,0
DST,Redskins  (13305019),Redskins ,13305019,DST,2300,DAL@WAS 09/15/2019 01:00PM ET,WAS,0
DST,Cardinals  (13305020),Cardinals ,13305020,DST,2200,ARI@BAL 09/15/2019 01:00PM ET,ARI,7
DST,Dolphins  (13305021),Dolphins ,13305021,DST,2100,NE@MIA 09/15/2019 01:00PM ET,MIA,-3
DST,Raiders  (13305022),Raiders ,13305022,DST,2000,KC@OAK 09/15/2019 04:05PM ET,OAK,4
