,QB,RB1,RB2,WR1,WR2,WR3,TE,Flex,DST,Points,Salary
0,Deshaun Watson,Latavius Murray,Chris Carson,Michael Thomas,Mike Williams,Kenny Stills,Cameron Brate,Christian McCaffrey,Oakland Raiders,151.138,50000
1,Deshaun Watson,Latavius Murray,Chris Carson,Michael Thomas,Mike Williams,Kenny Stills,Cameron Brate,Saquon Barkley,Oakland Raiders,150.74800000000002,49700
2,Matthew Stafford,Latavius Murray,Chris Carson,Michael Thomas,Courtland Sutton,Kenny Stills,Cameron Brate,Saquon Barkley,Oakland Raiders,150.48600000000002,50000
3,Deshaun Watson,Latavius Murray,Christian McCaffrey,Michael Thomas,Mike Williams,Courtland Sutton,Hunter Henry,Cameron Brate,Jacksonville Jaguars,149.99800000000002,49900
4,Matthew Stafford,Latavius Murray,Chris Carson,Michael Thomas,Mike Williams,Courtland Sutton,Cameron Brate,Christian McCaffrey,Oakland Raiders,149.786,49600
5,Deshaun Watson,Latavius Murray,Saquon Barkley,Michael Thomas,Mike Williams,Courtland Sutton,Hunter Henry,Cameron Brate,Tennessee Titans,149.708,49900
6,Deshaun Watson,Latavius Murray,Saquon Barkley,Michael Thomas,Mike Williams,Courtland Sutton,Hunter Henry,Cameron Brate,Jacksonville Jaguars,149.608,49600
7,Deshaun Watson,Latavius Murray,Christian McCaffrey,Michael Thomas,Mike Williams,Courtland Sutton,Cameron Brate,Kenny Golladay,Oakland Raiders,149.33800000000002,50000
8,Deshaun Watson,Chris Carson,Christian McCaffrey,Michael Thomas,Mike Williams,Courtland Sutton,Hunter Henry,Cameron Brate,Oakland Raiders,149.14800000000002,49700
9,Deshaun Watson,Latavius Murray,Saquon Barkley,Michael Thomas,Courtland Sutton,Kenny Stills,Cameron Brate,Darren Waller,Oakland Raiders,149.098,49900
10,Deshaun Watson,Latavius Murray,Christian McCaffrey,Michael Thomas,Mike Williams,Courtland Sutton,Cameron Brate,T.Y. Hilton,Oakland Raiders,149.038,49700
11,Deshaun Watson,Latavius Murray,Saquon Barkley,Michael Thomas,Mike Williams,Courtland Sutton,Cameron Brate,Kenny Golladay,Oakland Raiders,148.948,49700
12,Deshaun Watson,Latavius Murray,Christian McCaffrey,Michael Thomas,Kenny Stills,T.Y. Hilton,Hunter Henry,Cameron Brate,Oakland Raiders,148.848,50000
13,Deshaun Watson,Latavius Murray,Saquon Barkley,Michael Thomas,Mike Williams,T.Y. Hilton,Cameron Brate,Darren Waller,Oakland Raiders,148.768,50000
14,Deshaun Watson,Latavius Murray,Saquon Barkley,Michael Thomas,Kenny Stills,Kenny Golladay,Hunter Henry,Cameron Brate,Oakland Raiders,148.758,50000
15,Matt Schaub,Latavius Murray,Chris Carson,Michael Thomas,Courtland Sutton,T.Y. Hilton,Cameron Brate,Saquon Barkley,Oakland Raiders,148.75,50000
16,Deshaun Watson,Latavius Murray,Christian McCaffrey,Michael Thomas,Mike Williams,Courtland Sutton,Cameron Brate,Kenny Stills,Tennessee Titans,148.70800000000003,50000
17,Jameis Winston,Latavius Murray,Chris Carson,Michael Thomas,Courtland Sutton,Kenny Stills,Cameron Brate,Saquon Barkley,Oakland Raiders,148.68400000000003,49800
18,Deshaun Watson,Latavius Murray,Christian McCaffrey,Michael Thomas,Mike Williams,Courtland Sutton,Cameron Brate,Kenny Stills,Jacksonville Jaguars,148.60800000000003,49700
19,Deshaun Watson,Latavius Murray,Saquon Barkley,Michael Thomas,Kenny Stills,T.Y. Hilton,Hunter Henry,Cameron Brate,Oakland Raiders,148.458,49700
20,Matthew Stafford,Latavius Murray,Saquon Barkley,Michael Thomas,Mike Williams,Kenny Stills,Hunter Henry,T.Y. Hilton,Oakland Raiders,148.42600000000002,50000
21,Matt Schaub,Latavius Murray,Chris Carson,Michael Thomas,Mike Williams,Kenny Stills,Hunter Henry,Christian McCaffrey,Oakland Raiders,148.42000000000002,49800
22,Deshaun Watson,Latavius Murray,Christian McCaffrey,Michael Thomas,Mike Williams,Courtland Sutton,Cameron Brate,Darren Waller,Oakland Raiders,148.39800000000002,49500
23,Jameis Winston,Latavius Murray,Chris Carson,Michael Thomas,Mike Williams,T.Y. Hilton,Cameron Brate,Saquon Barkley,Oakland Raiders,148.354,49900
24,Deshaun Watson,Latavius Murray,Saquon Barkley,Michael Thomas,Mike Williams,Kenny Stills,Cameron Brate,Darren Waller,Jacksonville Jaguars,148.33800000000002,50000
25,Matt Schaub,Latavius Murray,Chris Carson,Michael Thomas,Courtland Sutton,Kenny Stills,Cameron Brate,Saquon Barkley,Jacksonville Jaguars,148.32000000000002,50000
26,Deshaun Watson,Latavius Murray,Saquon Barkley,Michael Thomas,Mike Williams,Courtland Sutton,Cameron Brate,Kenny Stills,Tennessee Titans,148.318,49700
27,Deshaun Watson,Latavius Murray,Le'Veon Bell,Michael Thomas,Mike Williams,Kenny Stills,Cameron Brate,Christian McCaffrey,Oakland Raiders,148.23800000000003,49900
28,Matthew Stafford,Latavius Murray,Saquon Barkley,Michael Thomas,Mike Williams,DeAndre Hopkins,Hunter Henry,Cameron Brate,Oakland Raiders,148.236,50000
29,Deshaun Watson,Chris Carson,Saquon Barkley,Michael Thomas,Mike Williams,Kenny Stills,Cameron Brate,T.Y. Hilton,Oakland Raiders,148.12800000000001,50000
30,Deshaun Watson,Latavius Murray,Christian McCaffrey,Michael Thomas,Mike Williams,Kenny Golladay,Hunter Henry,Cameron Brate,Oakland Raiders,148.05800000000002,49600
31,Matthew Stafford,Latavius Murray,Christian McCaffrey,Michael Thomas,Mike Williams,Courtland Sutton,Hunter Henry,Kenny Stills,Oakland Raiders,148.056,49500
32,Matt Schaub,Latavius Murray,Chris Carson,Michael Thomas,Mike Williams,Kenny Stills,Hunter Henry,Saquon Barkley,Oakland Raiders,148.03,49500
33,Jameis Winston,Latavius Murray,Chris Carson,Michael Thomas,Mike Williams,Kenny Stills,Cameron Brate,Saquon Barkley,Jacksonville Jaguars,147.924,49900
34,Deshaun Watson,Latavius Murray,Le'Veon Bell,Michael Thomas,Mike Williams,Kenny Stills,Cameron Brate,Saquon Barkley,Oakland Raiders,147.848,49600
35,Matt Schaub,Latavius Murray,Le'Veon Bell,Michael Thomas,Mike Williams,Courtland Sutton,Hunter Henry,Saquon Barkley,Oakland Raiders,147.8,50000
36,Matthew Stafford,Latavius Murray,Christian McCaffrey,Michael Thomas,Courtland Sutton,Kenny Golladay,Hunter Henry,Cameron Brate,Oakland Raiders,147.79600000000002,49900
37,Matthew Stafford,Latavius Murray,Saquon Barkley,Michael Thomas,Mike Williams,Kenny Stills,Hunter Henry,Darren Waller,Oakland Raiders,147.786,49800
38,Deshaun Watson,Chris Carson,Christian McCaffrey,Michael Thomas,Mike Williams,Courtland Sutton,Cameron Brate,Kenny Stills,Oakland Raiders,147.75800000000004,49500
39,Matthew Stafford,Chris Carson,Saquon Barkley,Michael Thomas,Mike Williams,Courtland Sutton,Hunter Henry,Cameron Brate,Jacksonville Jaguars,147.73600000000002,49800
40,Matt Schaub,Latavius Murray,Chris Carson,Michael Thomas,Mike Williams,Courtland Sutton,Cameron Brate,Christian McCaffrey,Tennessee Titans,147.72,49900
41,Matthew Stafford,Latavius Murray,Saquon Barkley,Michael Thomas,Mike Williams,Courtland Sutton,Cameron Brate,T.Y. Hilton,Jacksonville Jaguars,147.626,49800
42,Matt Schaub,Latavius Murray,Chris Carson,Michael Thomas,Mike Williams,Courtland Sutton,Cameron Brate,Christian McCaffrey,Jacksonville Jaguars,147.62,49600
43,Matthew Stafford,Latavius Murray,Le'Veon Bell,Michael Thomas,Courtland Sutton,Kenny Stills,Cameron Brate,Saquon Barkley,Oakland Raiders,147.586,49900
44,Matthew Stafford,Latavius Murray,Christian McCaffrey,Michael Thomas,Courtland Sutton,T.Y. Hilton,Hunter Henry,Cameron Brate,Oakland Raiders,147.496,49600
45,Deshaun Watson,Chris Carson,Saquon Barkley,Michael Thomas,Mike Williams,Kenny Stills,Cameron Brate,Darren Waller,Oakland Raiders,147.48800000000003,49800
46,Deshaun Watson,Latavius Murray,Christian McCaffrey,Michael Thomas,Mike Williams,Kenny Stills,Hunter Henry,Cameron Brate,Tennessee Titans,147.42800000000003,49600
47,Matthew Stafford,Latavius Murray,Saquon Barkley,Michael Thomas,Courtland Sutton,Kenny Golladay,Hunter Henry,Cameron Brate,Oakland Raiders,147.406,49600
48,Matthew Stafford,Latavius Murray,Christian McCaffrey,Michael Thomas,Mike Williams,Courtland Sutton,Cameron Brate,Darren Waller,Jacksonville Jaguars,147.376,49900
49,Matt Schaub,Latavius Murray,Chris Carson,Michael Thomas,Mike Williams,Courtland Sutton,Cameron Brate,Saquon Barkley,Tennessee Titans,147.33,49600
50,Jameis Winston,Latavius Murray,Saquon Barkley,Michael Thomas,Mike Williams,Courtland Sutton,Darren Waller,Kenny Stills,Oakland Raiders,147.264,50000
51,Matthew Stafford,Latavius Murray,Le'Veon Bell,Michael Thomas,Mike Williams,T.Y. Hilton,Cameron Brate,Saquon Barkley,Oakland Raiders,147.256,50000
52,Matthew Stafford,Latavius Murray,Christian McCaffrey,Michael Thomas,Courtland Sutton,Kenny Stills,Hunter Henry,Cameron Brate,Tennessee Titans,147.166,49900
53,Matthew Stafford,Chris Carson,Christian McCaffrey,Michael Thomas,Mike Williams,Courtland Sutton,Cameron Brate,T.Y. Hilton,Oakland Raiders,147.166,49900
54,Matthew Stafford,Latavius Murray,Saquon Barkley,Michael Thomas,Mike Williams,Courtland Sutton,Cameron Brate,Darren Waller,Tennessee Titans,147.086,49900
55,Matthew Stafford,Chris Carson,Saquon Barkley,Michael Thomas,Mike Williams,Courtland Sutton,Cameron Brate,Kenny Golladay,Oakland Raiders,147.07600000000002,49900
56,Matthew Stafford,Latavius Murray,Christian McCaffrey,Michael Thomas,Courtland Sutton,Kenny Stills,Hunter Henry,Cameron Brate,Jacksonville Jaguars,147.066,49600
57,Matthew Stafford,Latavius Murray,Christian McCaffrey,Michael Thomas,Mike Williams,Kenny Golladay,Hunter Henry,Cameron Brate,Jacksonville Jaguars,147.036,50000
58,Matt Schaub,Latavius Murray,Saquon Barkley,Michael Thomas,Courtland Sutton,Kenny Stills,Hunter Henry,T.Y. Hilton,Oakland Raiders,147.02,49900
59,Jameis Winston,Latavius Murray,Leonard Fournette,Michael Thomas,Mike Williams,Courtland Sutton,Cameron Brate,Saquon Barkley,Oakland Raiders,146.99400000000003,49900
60,Matthew Stafford,Latavius Murray,Saquon Barkley,Michael Thomas,Mike Williams,Courtland Sutton,Cameron Brate,Darren Waller,Jacksonville Jaguars,146.98600000000002,49600
61,Deshaun Watson,Le'Veon Bell,Saquon Barkley,Michael Thomas,Courtland Sutton,Kenny Stills,Hunter Henry,Cameron Brate,Oakland Raiders,146.948,50000
62,Matthew Stafford,Latavius Murray,Le'Veon Bell,Michael Thomas,Mike Williams,Courtland Sutton,Cameron Brate,Christian McCaffrey,Oakland Raiders,146.88600000000002,49500
63,Matthew Stafford,Latavius Murray,Saquon Barkley,Michael Thomas,Mike Williams,Kenny Stills,Cameron Brate,DeAndre Hopkins,Oakland Raiders,146.846,49800
64,Matthew Stafford,Latavius Murray,Christian McCaffrey,Michael Thomas,Mike Williams,T.Y. Hilton,Hunter Henry,Cameron Brate,Tennessee Titans,146.83599999999998,50000
65,Matt Schaub,Latavius Murray,Saquon Barkley,Michael Thomas,Courtland Sutton,DeAndre Hopkins,Hunter Henry,Cameron Brate,Oakland Raiders,146.83,49900
66,Matthew Stafford,Latavius Murray,Le'Veon Bell,Michael Thomas,Mike Williams,Kenny Stills,Cameron Brate,Saquon Barkley,Jacksonville Jaguars,146.82600000000002,50000
67,Matthew Stafford,Latavius Murray,Saquon Barkley,Michael Thomas,Courtland Sutton,Kenny Stills,Hunter Henry,Cameron Brate,Tennessee Titans,146.776,49600
68,Matthew Stafford,Chris Carson,Saquon Barkley,Michael Thomas,Mike Williams,Courtland Sutton,Cameron Brate,T.Y. Hilton,Oakland Raiders,146.776,49600
69,Matt Schaub,Latavius Murray,Christian McCaffrey,Michael Thomas,Courtland Sutton,Kenny Stills,Hunter Henry,Darren Waller,Oakland Raiders,146.77,50000
70,Matt Schaub,Latavius Murray,Chris Carson,Michael Thomas,Kenny Stills,Kenny Golladay,Cameron Brate,Christian McCaffrey,Oakland Raiders,146.77,50000
71,Deshaun Watson,Leonard Fournette,Saquon Barkley,Michael Thomas,Mike Williams,Courtland Sutton,Cameron Brate,Kenny Stills,Oakland Raiders,146.76800000000003,50000
72,Matthew Stafford,Latavius Murray,Saquon Barkley,Michael Thomas,Mike Williams,Kenny Golladay,Hunter Henry,Cameron Brate,Tennessee Titans,146.746,50000
73,Matthew Stafford,Chris Carson,Christian McCaffrey,Michael Thomas,Mike Williams,Courtland Sutton,Cameron Brate,Kenny Stills,Jacksonville Jaguars,146.73600000000002,49900
74,Matthew Stafford,Latavius Murray,Christian McCaffrey,Michael Thomas,Mike Williams,T.Y. Hilton,Hunter Henry,Cameron Brate,Jacksonville Jaguars,146.736,49700
75,Matthew Stafford,Latavius Murray,Saquon Barkley,Michael Thomas,Mike Williams,Kenny Golladay,Hunter Henry,Cameron Brate,Jacksonville Jaguars,146.64600000000002,49700
76,Jameis Winston,Latavius Murray,Saquon Barkley,Michael Thomas,Mike Williams,Kenny Stills,Hunter Henry,T.Y. Hilton,Oakland Raiders,146.624,49800
77,Matt Schaub,Latavius Murray,Christian McCaffrey,Michael Thomas,Mike Williams,Courtland Sutton,Hunter Henry,Kenny Golladay,Oakland Raiders,146.62,49800
78,Matthew Stafford,Chris Carson,Saquon Barkley,Michael Thomas,Kenny Stills,T.Y. Hilton,Hunter Henry,Cameron Brate,Oakland Raiders,146.586,49900
79,Matthew Stafford,Chris Carson,Christian McCaffrey,Michael Thomas,Mike Williams,Courtland Sutton,Cameron Brate,Darren Waller,Oakland Raiders,146.526,49700
80,Matthew Stafford,Latavius Murray,Leonard Fournette,Michael Thomas,Mike Williams,Kenny Stills,Cameron Brate,Christian McCaffrey,Oakland Raiders,146.51600000000002,49800
81,Matt Schaub,Latavius Murray,Chris Carson,Michael Thomas,Kenny Stills,T.Y. Hilton,Cameron Brate,Christian McCaffrey,Oakland Raiders,146.47,49700
82,Matthew Stafford,Chris Carson,Saquon Barkley,Michael Thomas,Mike Williams,Courtland Sutton,Cameron Brate,Kenny Stills,Tennessee Titans,146.44600000000003,49900
83,Matthew Stafford,Latavius Murray,Saquon Barkley,Michael Thomas,Mike Williams,T.Y. Hilton,Hunter Henry,Cameron Brate,Tennessee Titans,146.446,49700
84,Jameis Winston,Latavius Murray,Saquon Barkley,Michael Thomas,Mike Williams,DeAndre Hopkins,Hunter Henry,Cameron Brate,Oakland Raiders,146.434,49800
85,Matthew Stafford,Latavius Murray,Christian McCaffrey,Michael Thomas,Courtland Sutton,Kenny Stills,Cameron Brate,Kenny Golladay,Oakland Raiders,146.406,49700
86,Matt Schaub,Latavius Murray,Saquon Barkley,Michael Thomas,Courtland Sutton,Kenny Stills,Hunter Henry,Darren Waller,Oakland Raiders,146.38000000000002,49700
87,Matt Schaub,Latavius Murray,Chris Carson,Michael Thomas,Kenny Stills,Kenny Golladay,Cameron Brate,Saquon Barkley,Oakland Raiders,146.38000000000002,49700
88,Jameis Winston,Latavius Murray,Christian McCaffrey,Michael Thomas,Mike Williams,Kenny Stills,Hunter Henry,Darren Waller,Oakland Raiders,146.37400000000002,49900
89,Matthew Stafford,Chris Carson,Saquon Barkley,Michael Thomas,Mike Williams,Courtland Sutton,Cameron Brate,Kenny Stills,Jacksonville Jaguars,146.34600000000003,49600
90,Jameis Winston,Chris Carson,Christian McCaffrey,Michael Thomas,Mike Williams,Courtland Sutton,Hunter Henry,Cameron Brate,Jacksonville Jaguars,146.324,49900
91,Matt Schaub,Latavius Murray,Christian McCaffrey,Michael Thomas,Mike Williams,Courtland Sutton,Hunter Henry,T.Y. Hilton,Oakland Raiders,146.32,49500
92,Matt Schaub,Latavius Murray,Saquon Barkley,Michael Thomas,Mike Williams,Kenny Stills,Hunter Henry,T.Y. Hilton,Jacksonville Jaguars,146.26,50000
93,Deshaun Watson,Le'Veon Bell,Christian McCaffrey,Michael Thomas,Mike Williams,Courtland Sutton,Hunter Henry,Cameron Brate,Oakland Raiders,146.24800000000002,49600
94,Matt Schaub,Latavius Murray,Saquon Barkley,Michael Thomas,Mike Williams,Courtland Sutton,Hunter Henry,Kenny Golladay,Oakland Raiders,146.23000000000002,49500
95,Matthew Stafford,Latavius Murray,Christian McCaffrey,Michael Thomas,Kenny Stills,T.Y. Hilton,Cameron Brate,Darren Waller,Oakland Raiders,146.226,50000
96,Jameis Winston,Latavius Murray,Christian McCaffrey,Michael Thomas,Mike Williams,Courtland Sutton,Cameron Brate,T.Y. Hilton,Jacksonville Jaguars,146.214,49900
97,Matthew Stafford,Chris Carson,Christian McCaffrey,Michael Thomas,Mike Williams,Kenny Golladay,Hunter Henry,Cameron Brate,Oakland Raiders,146.186,49800
98,Jameis Winston,Latavius Murray,Le'Veon Bell,Michael Thomas,Courtland Sutton,Kenny Stills,Cameron Brate,Christian McCaffrey,Oakland Raiders,146.17400000000004,50000
99,Matthew Stafford,Latavius Murray,Saquon Barkley,Michael Thomas,Kenny Stills,Kenny Golladay,Cameron Brate,Darren Waller,Oakland Raiders,146.13600000000002,50000
100,Matthew Stafford,Latavius Murray,Leonard Fournette,Michael Thomas,Mike Williams,Kenny Stills,Cameron Brate,Saquon Barkley,Oakland Raiders,146.126,49500
101,Jameis Winston,Latavius Murray,Saquon Barkley,Michael Thomas,Mike Williams,Courtland Sutton,Cameron Brate,Kenny Golladay,Jacksonville Jaguars,146.12400000000002,49900
102,Matthew Stafford,Latavius Murray,Christian McCaffrey,Michael Thomas,Mike Williams,T.Y. Hilton,Cameron Brate,Kenny Golladay,Oakland Raiders,146.076,49800
103,Matt Schaub,Latavius Murray,Saquon Barkley,Michael Thomas,Mike Williams,DeAndre Hopkins,Hunter Henry,Cameron Brate,Jacksonville Jaguars,146.07,50000
104,Matt Schaub,Latavius Murray,Saquon Barkley,Michael Thomas,Mike Williams,T.Y. Hilton,Hunter Henry,Darren Waller,Oakland Raiders,146.05,49800
105,Matt Schaub,Chris Carson,Saquon Barkley,Michael Thomas,Mike Williams,Courtland Sutton,Darren Waller,Kenny Stills,Oakland Raiders,146.05,50000
106,Jameis Winston,Chris Carson,Saquon Barkley,Michael Thomas,Mike Williams,Courtland Sutton,Hunter Henry,Cameron Brate,Tennessee Titans,146.034,49900
107,Jameis Winston,Latavius Murray,Christian McCaffrey,Michael Thomas,Courtland Sutton,Kenny Golladay,Hunter Henry,Cameron Brate,Oakland Raiders,145.99400000000003,49700
108,Matt Schaub,Latavius Murray,Christian McCaffrey,Michael Thomas,Mike Williams,Courtland Sutton,Hunter Henry,Kenny Stills,Tennessee Titans,145.99,49800
109,Jameis Winston,Latavius Murray,Saquon Barkley,Michael Thomas,Mike Williams,Kenny Stills,Hunter Henry,Darren Waller,Oakland Raiders,145.984,49600
110,Matthew Stafford,Chris Carson,Le'Veon Bell,Michael Thomas,Mike Williams,Kenny Stills,Cameron Brate,Saquon Barkley,Oakland Raiders,145.97600000000003,49800
111,Jameis Winston,Chris Carson,Saquon Barkley,Michael Thomas,Mike Williams,Courtland Sutton,Hunter Henry,Cameron Brate,Jacksonville Jaguars,145.934,49600
112,Jameis Winston,Latavius Murray,Saquon Barkley,Michael Thomas,Mike Williams,Courtland Sutton,Cameron Brate,T.Y. Hilton,Tennessee Titans,145.924,49900
113,Matt Schaub,Latavius Murray,Christian McCaffrey,Michael Thomas,Mike Williams,Courtland Sutton,Hunter Henry,Kenny Stills,Jacksonville Jaguars,145.89000000000001,49500
114,Matthew Stafford,Chris Carson,Christian McCaffrey,Michael Thomas,Mike Williams,T.Y. Hilton,Hunter Henry,Cameron Brate,Oakland Raiders,145.886,49500
115,Deshaun Watson,Leonard Fournette,Christian McCaffrey,Michael Thomas,Mike Williams,Kenny Stills,Hunter Henry,Cameron Brate,Oakland Raiders,145.87800000000001,49900
116,Matt Schaub,Latavius Murray,Le'Veon Bell,Michael Thomas,Courtland Sutton,T.Y. Hilton,Cameron Brate,Saquon Barkley,Oakland Raiders,145.85000000000002,49900
117,Matthew Stafford,Latavius Murray,Saquon Barkley,Michael Thomas,Kenny Stills,T.Y. Hilton,Cameron Brate,Darren Waller,Oakland Raiders,145.836,49700
118,Matt Schaub,Latavius Murray,Christian McCaffrey,Michael Thomas,Courtland Sutton,Kenny Stills,Cameron Brate,DeAndre Hopkins,Oakland Raiders,145.83,50000
119,Jameis Winston,Latavius Murray,Saquon Barkley,Michael Thomas,Mike Williams,Courtland Sutton,Cameron Brate,T.Y. Hilton,Jacksonville Jaguars,145.824,49600
120,Matthew Stafford,Chris Carson,Saquon Barkley,Michael Thomas,Mike Williams,Kenny Golladay,Hunter Henry,Cameron Brate,Oakland Raiders,145.79600000000002,49500
121,Jameis Winston,Latavius Murray,Le'Veon Bell,Michael Thomas,Courtland Sutton,Kenny Stills,Cameron Brate,Saquon Barkley,Oakland Raiders,145.78400000000002,49700
122,Matt Schaub,Chris Carson,Leonard Fournette,Michael Thomas,Mike Williams,Courtland Sutton,Cameron Brate,Saquon Barkley,Oakland Raiders,145.78000000000003,49900
123,Matthew Stafford,Latavius Murray,Saquon Barkley,Michael Thomas,Mike Williams,T.Y. Hilton,Cameron Brate,Kenny Golladay,Oakland Raiders,145.686,49500
124,Jameis Winston,Latavius Murray,Christian McCaffrey,Michael Thomas,Mike Williams,Courtland Sutton,Cameron Brate,Darren Waller,Tennessee Titans,145.674,50000
125,Jameis Winston,Chris Carson,Christian McCaffrey,Michael Thomas,Mike Williams,Courtland Sutton,Cameron Brate,Kenny Golladay,Oakland Raiders,145.66400000000002,50000
126,Matthew Stafford,Latavius Murray,Christian McCaffrey,Michael Thomas,Mike Williams,Kenny Stills,Cameron Brate,Kenny Golladay,Jacksonville Jaguars,145.64600000000002,49800
127,Jameis Winston,Latavius Murray,Saquon Barkley,Michael Thomas,Kenny Stills,T.Y. Hilton,Hunter Henry,Cameron Brate,Jacksonville Jaguars,145.63400000000001,49900
128,Matt Schaub,Latavius Murray,Christian McCaffrey,Michael Thomas,Courtland Sutton,Kenny Golladay,Hunter Henry,Cameron Brate,Jacksonville Jaguars,145.63000000000002,49900
129,Matt Schaub,Latavius Murray,Saquon Barkley,Michael Thomas,Mike Williams,Kenny Stills,Hunter Henry,Darren Waller,Jacksonville Jaguars,145.62,49800
130,Matt Schaub,Latavius Murray,Saquon Barkley,Michael Thomas,Mike Williams,Courtland Sutton,Hunter Henry,Kenny Stills,Tennessee Titans,145.6,49500
131,Jameis Winston,Latavius Murray,Christian McCaffrey,Michael Thomas,Mike Williams,Courtland Sutton,Cameron Brate,Darren Waller,Jacksonville Jaguars,145.574,49700
132,Matthew Stafford,Chris Carson,Christian McCaffrey,Michael Thomas,Mike Williams,Kenny Stills,Hunter Henry,Cameron Brate,Tennessee Titans,145.556,49800
133,Matt Schaub,Latavius Murray,Le'Veon Bell,Michael Thomas,Mike Williams,Kenny Stills,Hunter Henry,Christian McCaffrey,Oakland Raiders,145.52,49700
134,Deshaun Watson,Leonard Fournette,Saquon Barkley,Michael Thomas,Mike Williams,Kenny Stills,Hunter Henry,Cameron Brate,Oakland Raiders,145.48800000000003,49600
135,Matthew Stafford,Chris Carson,Christian McCaffrey,Michael Thomas,Mike Williams,Kenny Stills,Hunter Henry,Cameron Brate,Jacksonville Jaguars,145.45600000000002,49500
136,Jameis Winston,Latavius Murray,Le'Veon Bell,Michael Thomas,Mike Williams,T.Y. Hilton,Cameron Brate,Saquon Barkley,Oakland Raiders,145.454,49800
137,Matthew Stafford,Latavius Murray,Christian McCaffrey,Michael Thomas,Mike Williams,Kenny Stills,Cameron Brate,T.Y. Hilton,Tennessee Titans,145.446,49800
138,Matt Schaub,Latavius Murray,Saquon Barkley,Michael Thomas,Courtland Sutton,Kenny Stills,Cameron Brate,DeAndre Hopkins,Oakland Raiders,145.44000000000003,49700
139,Matthew Stafford,Latavius Murray,Christian McCaffrey,Michael Thomas,Mike Williams,Kenny Golladay,Cameron Brate,Darren Waller,Oakland Raiders,145.436,49600
140,Jameis Winston,Latavius Murray,Christian McCaffrey,Michael Thomas,Mike Williams,Kenny Stills,Cameron Brate,DeAndre Hopkins,Oakland Raiders,145.43400000000003,49900
141,Matt Schaub,Latavius Murray,Christian McCaffrey,Michael Thomas,Courtland Sutton,T.Y. Hilton,Hunter Henry,Cameron Brate,Tennessee Titans,145.43,49900
142,Jameis Winston,Chris Carson,Saquon Barkley,Michael Thomas,Courtland Sutton,Kenny Stills,Cameron Brate,Darren Waller,Oakland Raiders,145.424,49900
143,Matt Schaub,Latavius Murray,Le'Veon Bell,Michael Thomas,Courtland Sutton,Kenny Stills,Cameron Brate,Saquon Barkley,Jacksonville Jaguars,145.42000000000002,49900
144,Matt Schaub,Chris Carson,Saquon Barkley,Michael Thomas,Mike Williams,Kenny Stills,Hunter Henry,T.Y. Hilton,Oakland Raiders,145.41,49800
145,Jameis Winston,Latavius Murray,Christian McCaffrey,Michael Thomas,Courtland Sutton,Kenny Stills,Hunter Henry,Cameron Brate,Tennessee Titans,145.364,49700
146,Jameis Winston,Chris Carson,Christian McCaffrey,Michael Thomas,Mike Williams,Courtland Sutton,Cameron Brate,T.Y. Hilton,Oakland Raiders,145.364,49700
147,Matthew Stafford,Latavius Murray,Saquon Barkley,Michael Thomas,Mike Williams,Kenny Stills,Cameron Brate,Kenny Golladay,Tennessee Titans,145.356,49800
148,Matthew Stafford,Latavius Murray,Christian McCaffrey,Michael Thomas,Mike Williams,Kenny Stills,Cameron Brate,T.Y. Hilton,Jacksonville Jaguars,145.346,49500
149,Matt Schaub,Latavius Murray,Saquon Barkley,Michael Thomas,Courtland Sutton,Kenny Golladay,Hunter Henry,Cameron Brate,Tennessee Titans,145.34,49900
150,Matt Schaub,Latavius Murray,Christian McCaffrey,Michael Thomas,Courtland Sutton,T.Y. Hilton,Hunter Henry,Cameron Brate,Jacksonville Jaguars,145.33,49600
151,Jameis Winston,Latavius Murray,Saquon Barkley,Michael Thomas,Mike Williams,Courtland Sutton,Cameron Brate,Darren Waller,Tennessee Titans,145.28400000000002,49700
152,Jameis Winston,Chris Carson,Saquon Barkley,Michael Thomas,Mike Williams,Courtland Sutton,Cameron Brate,Kenny Golladay,Oakland Raiders,145.274,49700
153,Matthew Stafford,Latavius Murray,Saquon Barkley,Michael Thomas,Mike Williams,Kenny Stills,Cameron Brate,Kenny Golladay,Jacksonville Jaguars,145.256,49500
154,Matt Schaub,Latavius Murray,Saquon Barkley,Michael Thomas,Courtland Sutton,Kenny Golladay,Hunter Henry,Cameron Brate,Jacksonville Jaguars,145.24,49600
155,Jameis Winston,Latavius Murray,Christian McCaffrey,Michael Thomas,Mike Williams,Kenny Golladay,Hunter Henry,Cameron Brate,Jacksonville Jaguars,145.234,49800
156,Deshaun Watson,Le'Veon Bell,Saquon Barkley,Michael Thomas,Mike Williams,Kenny Stills,Cameron Brate,T.Y. Hilton,Oakland Raiders,145.228,49900
157,Matthew Stafford,Leonard Fournette,Saquon Barkley,Michael Thomas,Courtland Sutton,Kenny Stills,Hunter Henry,Cameron Brate,Oakland Raiders,145.22600000000003,49900
158,Matthew Stafford,Le'Veon Bell,Christian McCaffrey,Michael Thomas,Mike Williams,Courtland Sutton,Hunter Henry,Cameron Brate,Jacksonville Jaguars,145.226,50000
159,Matt Schaub,Chris Carson,Saquon Barkley,Michael Thomas,Mike Williams,DeAndre Hopkins,Hunter Henry,Cameron Brate,Oakland Raiders,145.22,49800
160,Jameis Winston,Chris Carson,Christian McCaffrey,Michael Thomas,Kenny Stills,T.Y. Hilton,Hunter Henry,Cameron Brate,Oakland Raiders,145.174,50000
161,Matthew Stafford,Chris Carson,Saquon Barkley,Michael Thomas,Mike Williams,Kenny Stills,Hunter Henry,Cameron Brate,Tennessee Titans,145.16600000000003,49500
162,Matt Schaub,Chris Carson,Christian McCaffrey,Michael Thomas,Mike Williams,Kenny Stills,Hunter Henry,Darren Waller,Oakland Raiders,145.16000000000003,49900
163,Matt Schaub,Latavius Murray,Leonard Fournette,Michael Thomas,Courtland Sutton,Kenny Stills,Cameron Brate,Christian McCaffrey,Oakland Raiders,145.11,49700
164,Matt Schaub,Latavius Murray,Saquon Barkley,Michael Thomas,Mike Williams,T.Y. Hilton,Cameron Brate,DeAndre Hopkins,Oakland Raiders,145.11,49800
165,Jameis Winston,Chris Carson,Saquon Barkley,Michael Thomas,Mike Williams,T.Y. Hilton,Cameron Brate,Darren Waller,Oakland Raiders,145.094,50000
166,Matt Schaub,Latavius Murray,Le'Veon Bell,Michael Thomas,Mike Williams,T.Y. Hilton,Cameron Brate,Saquon Barkley,Jacksonville Jaguars,145.09,50000
167,Jameis Winston,Chris Carson,Saquon Barkley,Michael Thomas,Kenny Stills,Kenny Golladay,Hunter Henry,Cameron Brate,Oakland Raiders,145.084,50000
168,Matthew Stafford,Latavius Murray,Saquon Barkley,Michael Thomas,Mike Williams,Kenny Stills,Cameron Brate,T.Y. Hilton,Tennessee Titans,145.056,49500
169,Matt Schaub,Latavius Murray,Christian McCaffrey,Michael Thomas,Mike Williams,Kenny Stills,Darren Waller,T.Y. Hilton,Oakland Raiders,145.05,49900
170,Jameis Winston,Latavius Murray,Saquon Barkley,Michael Thomas,Mike Williams,Kenny Stills,Cameron Brate,DeAndre Hopkins,Oakland Raiders,145.044,49600
171,Matt Schaub,Latavius Murray,Saquon Barkley,Michael Thomas,Courtland Sutton,T.Y. Hilton,Hunter Henry,Cameron Brate,Tennessee Titans,145.04,49600
172,Jameis Winston,Chris Carson,Christian McCaffrey,Michael Thomas,Mike Williams,Courtland Sutton,Cameron Brate,Kenny Stills,Tennessee Titans,145.034,50000
173,Jameis Winston,Latavius Murray,Christian McCaffrey,Michael Thomas,Mike Williams,T.Y. Hilton,Hunter Henry,Cameron Brate,Tennessee Titans,145.034,49800
174,Jameis Winston,Latavius Murray,Le'Veon Bell,Michael Thomas,Mike Williams,Kenny Stills,Cameron Brate,Saquon Barkley,Jacksonville Jaguars,145.02400000000003,49800
175,Matt Schaub,Chris Carson,Christian McCaffrey,Michael Thomas,Mike Williams,Courtland Sutton,Cameron Brate,T.Y. Hilton,Jacksonville Jaguars,145.0,49900
176,Deshaun Watson,Le'Veon Bell,Christian McCaffrey,Michael Thomas,Mike Williams,Kenny Stills,Cameron Brate,Darren Waller,Oakland Raiders,144.97800000000004,50000
177,Jameis Winston,Latavius Murray,Saquon Barkley,Michael Thomas,Kenny Stills,T.Y. Hilton,Cameron Brate,Kenny Golladay,Oakland Raiders,144.97400000000002,50000
178,Matt Schaub,Chris Carson,Le'Veon Bell,Michael Thomas,Courtland Sutton,Kenny Stills,Cameron Brate,Christian McCaffrey,Oakland Raiders,144.96000000000004,50000
179,Matt Schaub,Latavius Murray,Saquon Barkley,Michael Thomas,Mike Williams,Kenny Stills,Darren Waller,Kenny Golladay,Oakland Raiders,144.96,49900
180,Jameis Winston,Latavius Murray,Saquon Barkley,Michael Thomas,Mike Williams,Kenny Golladay,Hunter Henry,Cameron Brate,Tennessee Titans,144.94400000000002,49800
181,Matthew Stafford,Le'Veon Bell,Saquon Barkley,Michael Thomas,Mike Williams,Courtland Sutton,Hunter Henry,Cameron Brate,Tennessee Titans,144.936,50000
182,Jameis Winston,Latavius Murray,Christian McCaffrey,Michael Thomas,Mike Williams,T.Y. Hilton,Hunter Henry,Cameron Brate,Jacksonville Jaguars,144.934,49500
183,Jameis Winston,Chris Carson,Christian McCaffrey,Michael Thomas,Mike Williams,Courtland Sutton,Cameron Brate,Kenny Stills,Jacksonville Jaguars,144.934,49700
184,Matt Schaub,Chris Carson,Saquon Barkley,Michael Thomas,Mike Williams,Courtland Sutton,Cameron Brate,Kenny Golladay,Jacksonville Jaguars,144.91000000000003,49900
185,Matthew Stafford,Leonard Fournette,Saquon Barkley,Michael Thomas,Mike Williams,T.Y. Hilton,Hunter Henry,Cameron Brate,Oakland Raiders,144.89600000000002,50000
186,Matt Schaub,Latavius Murray,Christian McCaffrey,Michael Thomas,Mike Williams,DeAndre Hopkins,Cameron Brate,Darren Waller,Oakland Raiders,144.86,49900
187,Jameis Winston,Latavius Murray,Saquon Barkley,Michael Thomas,Mike Williams,Kenny Golladay,Hunter Henry,Cameron Brate,Jacksonville Jaguars,144.84400000000002,49500
188,Matthew Stafford,Le'Veon Bell,Saquon Barkley,Michael Thomas,Mike Williams,Courtland Sutton,Hunter Henry,Cameron Brate,Jacksonville Jaguars,144.836,49700
189,Matt Schaub,Latavius Murray,Le'Veon Bell,Michael Thomas,Mike Williams,Courtland Sutton,Cameron Brate,Christian McCaffrey,Tennessee Titans,144.82000000000002,49800
190,Matthew Stafford,Latavius Murray,Christian McCaffrey,Michael Thomas,Mike Williams,Kenny Stills,Cameron Brate,Darren Waller,Tennessee Titans,144.806,49600
191,Matthew Stafford,Chris Carson,Christian McCaffrey,Michael Thomas,Mike Williams,Kenny Stills,Cameron Brate,Kenny Golladay,Oakland Raiders,144.79600000000002,49600
192,Jameis Winston,Chris Carson,Saquon Barkley,Michael Thomas,Kenny Stills,T.Y. Hilton,Hunter Henry,Cameron Brate,Oakland Raiders,144.784,49700
193,Matt Schaub,Chris Carson,Christian McCaffrey,Michael Thomas,Courtland Sutton,Kenny Golladay,Hunter Henry,Cameron Brate,Oakland Raiders,144.78000000000003,49700
194,Matt Schaub,Latavius Murray,Leonard Fournette,Michael Thomas,Mike Williams,T.Y. Hilton,Cameron Brate,Christian McCaffrey,Oakland Raiders,144.78,49800
195,Matt Schaub,Chris Carson,Saquon Barkley,Michael Thomas,Mike Williams,Kenny Stills,Hunter Henry,Darren Waller,Oakland Raiders,144.77,49600
196,Jameis Winston,Chris Carson,Christian McCaffrey,Michael Thomas,Mike Williams,Courtland Sutton,Cameron Brate,Darren Waller,Oakland Raiders,144.72400000000002,49500
197,Matt Schaub,Latavius Murray,Le'Veon Bell,Michael Thomas,Mike Williams,Courtland Sutton,Cameron Brate,Christian McCaffrey,Jacksonville Jaguars,144.72000000000003,49500
198,Jameis Winston,Latavius Murray,Leonard Fournette,Michael Thomas,Mike Williams,Kenny Stills,Cameron Brate,Christian McCaffrey,Oakland Raiders,144.71400000000003,49600
199,Matt Schaub,Chris Carson,Saquon Barkley,Michael Thomas,Mike Williams,Courtland Sutton,Cameron Brate,T.Y. Hilton,Tennessee Titans,144.71,49900
200,Matt Schaub,Latavius Murray,Leonard Fournette,Michael Thomas,Mike Williams,Kenny Golladay,Cameron Brate,Saquon Barkley,Oakland Raiders,144.69000000000003,49800
201,Matt Schaub,Latavius Murray,Saquon Barkley,Michael Thomas,Mike Williams,Kenny Stills,Cameron Brate,DeAndre Hopkins,Jacksonville Jaguars,144.68,49800
202,Matt Schaub,Latavius Murray,Christian McCaffrey,Michael Thomas,Courtland Sutton,T.Y. Hilton,Cameron Brate,Kenny Golladay,Oakland Raiders,144.67000000000002,49700
203,Jameis Winston,Chris Carson,Saquon Barkley,Michael Thomas,Mike Williams,Kenny Stills,Cameron Brate,Darren Waller,Jacksonville Jaguars,144.66400000000002,50000
204,Matt Schaub,Latavius Murray,Saquon Barkley,Michael Thomas,Mike Williams,Kenny Stills,Darren Waller,T.Y. Hilton,Oakland Raiders,144.66,49600
205,Jameis Winston,Chris Carson,Saquon Barkley,Michael Thomas,Mike Williams,Courtland Sutton,Cameron Brate,Kenny Stills,Tennessee Titans,144.644,49700
206,Jameis Winston,Latavius Murray,Saquon Barkley,Michael Thomas,Mike Williams,T.Y. Hilton,Hunter Henry,Cameron Brate,Tennessee Titans,144.644,49500
207,Matt Schaub,Chris Carson,Saquon Barkley,Michael Thomas,Mike Williams,Courtland Sutton,Cameron Brate,T.Y. Hilton,Jacksonville Jaguars,144.61,49600
208,Jameis Winston,Latavius Murray,Christian McCaffrey,Michael Thomas,Courtland Sutton,Kenny Stills,Cameron Brate,Kenny Golladay,Oakland Raiders,144.604,49500
209,Deshaun Watson,Le'Veon Bell,Saquon Barkley,Michael Thomas,Mike Williams,Kenny Stills,Cameron Brate,Darren Waller,Oakland Raiders,144.58800000000002,49700
210,Matt Schaub,Chris Carson,Le'Veon Bell,Michael Thomas,Courtland Sutton,Kenny Stills,Cameron Brate,Saquon Barkley,Oakland Raiders,144.57000000000002,49700
211,Jameis Winston,Chris Carson,Le'Veon Bell,Michael Thomas,Mike Williams,Kenny Stills,Cameron Brate,Christian McCaffrey,Oakland Raiders,144.56400000000002,49900
212,Matt Schaub,Latavius Murray,Christian McCaffrey,Michael Thomas,Kenny Stills,DeAndre Hopkins,Hunter Henry,Cameron Brate,Oakland Raiders,144.55,49600
213,Matthew Stafford,Leonard Fournette,Christian McCaffrey,Michael Thomas,Mike Williams,Courtland Sutton,Hunter Henry,Cameron Brate,Oakland Raiders,144.526,49500
214,Matt Schaub,Latavius Murray,Saquon Barkley,Michael Thomas,Mike Williams,DeAndre Hopkins,Cameron Brate,Darren Waller,Oakland Raiders,144.47,49600
215,Matthew Stafford,Leonard Fournette,Saquon Barkley,Michael Thomas,Mike Williams,Kenny Stills,Hunter Henry,Cameron Brate,Jacksonville Jaguars,144.466,50000
216,Matt Schaub,Chris Carson,Christian McCaffrey,Michael Thomas,Mike Williams,Courtland Sutton,Cameron Brate,Darren Waller,Tennessee Titans,144.46,50000
217,Matt Schaub,Latavius Murray,Le'Veon Bell,Michael Thomas,Mike Williams,Courtland Sutton,Cameron Brate,Saquon Barkley,Tennessee Titans,144.43,49500
218,Jameis Winston,Latavius Murray,Christian McCaffrey,Michael Thomas,Kenny Stills,T.Y. Hilton,Cameron Brate,Darren Waller,Oakland Raiders,144.424,49800
219,Matt Schaub,Chris Carson,Saquon Barkley,Michael Thomas,Kenny Stills,T.Y. Hilton,Hunter Henry,Cameron Brate,Jacksonville Jaguars,144.42000000000002,49900
220,Matt Schaub,Latavius Murray,Saquon Barkley,Michael Thomas,T.Y. Hilton,Kenny Golladay,Cameron Brate,Darren Waller,Oakland Raiders,144.4,50000
221,Matt Schaub,Latavius Murray,Leonard Fournette,Michael Thomas,Mike Williams,T.Y. Hilton,Cameron Brate,Saquon Barkley,Oakland Raiders,144.39000000000001,49500
222,Jameis Winston,Chris Carson,Christian McCaffrey,Michael Thomas,Mike Williams,Kenny Golladay,Hunter Henry,Cameron Brate,Oakland Raiders,144.38400000000001,49600
223,Matt Schaub,Chris Carson,Christian McCaffrey,Michael Thomas,Mike Williams,Courtland Sutton,Cameron Brate,Darren Waller,Jacksonville Jaguars,144.36,49700
224,Matt Schaub,Latavius Murray,Leonard Fournette,Michael Thomas,Mike Williams,Kenny Stills,Cameron Brate,Christian McCaffrey,Jacksonville Jaguars,144.35000000000002,49800
225,Matt Schaub,Latavius Murray,Christian McCaffrey,Michael Thomas,Courtland Sutton,Kenny Stills,Cameron Brate,Kenny Golladay,Tennessee Titans,144.34,50000
226,Jameis Winston,Latavius Murray,Saquon Barkley,Michael Thomas,Kenny Stills,Kenny Golladay,Cameron Brate,Darren Waller,Oakland Raiders,144.33400000000003,49800
227,Matthew Stafford,Le'Veon Bell,Saquon Barkley,Michael Thomas,Courtland Sutton,Kenny Stills,Cameron Brate,Darren Waller,Oakland Raiders,144.32600000000002,50000
228,Jameis Winston,Latavius Murray,Christian McCaffrey,Michael Thomas,Mike Williams,T.Y. Hilton,Cameron Brate,Kenny Golladay,Oakland Raiders,144.274,49600
229,Matthew Stafford,Le'Veon Bell,Christian McCaffrey,Michael Thomas,Mike Williams,Courtland Sutton,Cameron Brate,T.Y. Hilton,Oakland Raiders,144.26600000000002,49800
230,Matt Schaub,Chris Carson,Le'Veon Bell,Michael Thomas,Mike Williams,T.Y. Hilton,Cameron Brate,Saquon Barkley,Oakland Raiders,144.24,49800
231,Matt Schaub,Latavius Murray,Christian McCaffrey,Michael Thomas,Courtland Sutton,Kenny Stills,Cameron Brate,Kenny Golladay,Jacksonville Jaguars,144.24,49700
232,Matt Schaub,Chris Carson,Christian McCaffrey,Michael Thomas,Mike Williams,Kenny Stills,Cameron Brate,DeAndre Hopkins,Oakland Raiders,144.22000000000003,49900
233,Matthew Stafford,Le'Veon Bell,Saquon Barkley,Michael Thomas,Mike Williams,Courtland Sutton,Cameron Brate,Kenny Golladay,Oakland Raiders,144.17600000000002,49800
234,Jameis Winston,Chris Carson,Le'Veon Bell,Michael Thomas,Mike Williams,Kenny Stills,Cameron Brate,Saquon Barkley,Oakland Raiders,144.174,49600
235,Matt Schaub,Chris Carson,Christian McCaffrey,Michael Thomas,Courtland Sutton,Kenny Stills,Hunter Henry,Cameron Brate,Tennessee Titans,144.15,49700
236,Matt Schaub,Chris Carson,Saquon Barkley,Michael Thomas,Mike Williams,Courtland Sutton,Cameron Brate,Darren Waller,Tennessee Titans,144.07000000000002,49700
237,Matt Schaub,Latavius Murray,Christian McCaffrey,Michael Thomas,Kenny Stills,T.Y. Hilton,Cameron Brate,Darren Waller,Jacksonville Jaguars,144.06,50000
238,Matt Schaub,Latavius Murray,Leonard Fournette,Michael Thomas,Mike Williams,Kenny Stills,Cameron Brate,Saquon Barkley,Tennessee Titans,144.06,49800
239,Matt Schaub,Leonard Fournette,Saquon Barkley,Michael Thomas,Mike Williams,Courtland Sutton,Hunter Henry,Kenny Stills,Oakland Raiders,144.05,49800
240,Matt Schaub,Latavius Murray,Christian McCaffrey,Michael Thomas,Courtland Sutton,Kenny Stills,Cameron Brate,T.Y. Hilton,Tennessee Titans,144.04,49700
241,Jameis Winston,Latavius Murray,Saquon Barkley,Michael Thomas,Kenny Stills,T.Y. Hilton,Cameron Brate,Darren Waller,Oakland Raiders,144.03400000000002,49500
242,Matt Schaub,Latavius Murray,Christian McCaffrey,Michael Thomas,Courtland Sutton,Kenny Golladay,Cameron Brate,Darren Waller,Oakland Raiders,144.03000000000003,49500
243,Matt Schaub,Chris Carson,Christian McCaffrey,Michael Thomas,Mike Williams,Kenny Golladay,Hunter Henry,Cameron Brate,Jacksonville Jaguars,144.02,49800
244,Matt Schaub,Latavius Murray,Saquon Barkley,Michael Thomas,Kenny Stills,Kenny Golladay,Cameron Brate,Darren Waller,Jacksonville Jaguars,143.97000000000003,50000
245,Matt Schaub,Latavius Murray,Leonard Fournette,Michael Thomas,Mike Williams,Kenny Stills,Cameron Brate,Saquon Barkley,Jacksonville Jaguars,143.96,49500
246,Matt Schaub,Latavius Murray,Saquon Barkley,Michael Thomas,Courtland Sutton,Kenny Stills,Cameron Brate,Kenny Golladay,Tennessee Titans,143.95000000000002,49700
247,Jameis Winston,Latavius Murray,Christian McCaffrey,Michael Thomas,Mike Williams,Kenny Stills,Cameron Brate,Kenny Golladay,Tennessee Titans,143.94400000000002,49900
248,Matt Schaub,Latavius Murray,Christian McCaffrey,Michael Thomas,Mike Williams,T.Y. Hilton,Cameron Brate,Kenny Golladay,Jacksonville Jaguars,143.91,49800
249,Matthew Stafford,Le'Veon Bell,Saquon Barkley,Michael Thomas,Mike Williams,Courtland Sutton,Cameron Brate,T.Y. Hilton,Oakland Raiders,143.876,49500
250,Matt Schaub,Latavius Murray,Le'Veon Bell,Michael Thomas,Kenny Stills,Kenny Golladay,Cameron Brate,Christian McCaffrey,Oakland Raiders,143.87,49900
251,Jameis Winston,Latavius Murray,Christian McCaffrey,Michael Thomas,Mike Williams,Kenny Stills,Cameron Brate,Kenny Golladay,Jacksonville Jaguars,143.84400000000002,49600
252,Matthew Stafford,Le'Veon Bell,Christian McCaffrey,Michael Thomas,Mike Williams,Courtland Sutton,Cameron Brate,Kenny Stills,Jacksonville Jaguars,143.836,49800
253,Matt Schaub,Chris Carson,Saquon Barkley,Michael Thomas,Mike Williams,Kenny Stills,Cameron Brate,DeAndre Hopkins,Oakland Raiders,143.83,49600
254,Matt Schaub,Chris Carson,Christian McCaffrey,Michael Thomas,Mike Williams,T.Y. Hilton,Hunter Henry,Cameron Brate,Tennessee Titans,143.82,49800
255,Jameis Winston,Leonard Fournette,Christian McCaffrey,Michael Thomas,Courtland Sutton,Kenny Stills,Hunter Henry,Cameron Brate,Oakland Raiders,143.81400000000002,50000
256,Matt Schaub,Chris Carson,Le'Veon Bell,Michael Thomas,Mike Williams,Kenny Stills,Cameron Brate,Saquon Barkley,Jacksonville Jaguars,143.81000000000003,49800
257,Matt Schaub,Latavius Murray,Saquon Barkley,Michael Thomas,Kenny Stills,T.Y. Hilton,Cameron Brate,Darren Waller,Tennessee Titans,143.77,50000
258,Matt Schaub,Chris Carson,Saquon Barkley,Michael Thomas,Kenny Stills,T.Y. Hilton,Cameron Brate,Kenny Golladay,Oakland Raiders,143.76000000000002,50000
259,Jameis Winston,Chris Carson,Christian McCaffrey,Michael Thomas,Mike Williams,Kenny Stills,Hunter Henry,Cameron Brate,Tennessee Titans,143.754,49600
260,Jameis Winston,Leonard Fournette,Saquon Barkley,Michael Thomas,Mike Williams,Courtland Sutton,Cameron Brate,Darren Waller,Oakland Raiders,143.734,50000
261,Matt Schaub,Chris Carson,Saquon Barkley,Michael Thomas,Mike Williams,Kenny Golladay,Hunter Henry,Cameron Brate,Tennessee Titans,143.73000000000002,49800
262,Matt Schaub,Chris Carson,Christian McCaffrey,Michael Thomas,Mike Williams,T.Y. Hilton,Hunter Henry,Cameron Brate,Jacksonville Jaguars,143.72,49500
263,Matthew Stafford,Le'Veon Bell,Saquon Barkley,Michael Thomas,Kenny Stills,T.Y. Hilton,Hunter Henry,Cameron Brate,Oakland Raiders,143.686,49800
264,Matt Schaub,Latavius Murray,Saquon Barkley,Michael Thomas,Kenny Stills,T.Y. Hilton,Cameron Brate,Darren Waller,Jacksonville Jaguars,143.67000000000002,49700
265,Jameis Winston,Latavius Murray,Christian McCaffrey,Michael Thomas,Mike Williams,Kenny Stills,Cameron Brate,T.Y. Hilton,Tennessee Titans,143.644,49600
266,Matt Schaub,Chris Carson,Saquon Barkley,Michael Thomas,Mike Williams,Kenny Golladay,Hunter Henry,Cameron Brate,Jacksonville Jaguars,143.63000000000002,49500
267,Matthew Stafford,Le'Veon Bell,Christian McCaffrey,Michael Thomas,Mike Williams,Courtland Sutton,Cameron Brate,Darren Waller,Oakland Raiders,143.626,49600
268,Matt Schaub,Latavius Murray,Saquon Barkley,Michael Thomas,Mike Williams,T.Y. Hilton,Cameron Brate,Kenny Golladay,Tennessee Titans,143.62,49800
269,Matt Schaub,Latavius Murray,Le'Veon Bell,Michael Thomas,Kenny Stills,T.Y. Hilton,Cameron Brate,Christian McCaffrey,Oakland Raiders,143.57000000000002,49600
270,Jameis Winston,Latavius Murray,Saquon Barkley,Michael Thomas,Mike Williams,Kenny Stills,Cameron Brate,Kenny Golladay,Tennessee Titans,143.554,49600
271,Matthew Stafford,Le'Veon Bell,Saquon Barkley,Michael Thomas,Mike Williams,Courtland Sutton,Cameron Brate,Kenny Stills,Tennessee Titans,143.546,49800
272,Matt Schaub,Latavius Murray,Saquon Barkley,Michael Thomas,Mike Williams,T.Y. Hilton,Cameron Brate,Kenny Golladay,Jacksonville Jaguars,143.52,49500
273,Matthew Stafford,Leonard Fournette,Saquon Barkley,Michael Thomas,Mike Williams,Kenny Stills,Cameron Brate,T.Y. Hilton,Oakland Raiders,143.50600000000003,49800
274,Matt Schaub,Chris Carson,Leonard Fournette,Michael Thomas,Mike Williams,Kenny Stills,Cameron Brate,Christian McCaffrey,Oakland Raiders,143.50000000000003,49600
275,Matt Schaub,Leonard Fournette,Saquon Barkley,Michael Thomas,Courtland Sutton,T.Y. Hilton,Hunter Henry,Cameron Brate,Oakland Raiders,143.49,49900
276,Matthew Stafford,Saquon Barkley,Christian McCaffrey,Michael Thomas,Mike Williams,Kenny Stills,Hunter Henry,Cameron Brate,Oakland Raiders,143.48600000000002,50000
277,Matt Schaub,Latavius Murray,Le'Veon Bell,Michael Thomas,Kenny Stills,Kenny Golladay,Cameron Brate,Saquon Barkley,Oakland Raiders,143.48000000000002,49600
278,Matthew Stafford,Le'Veon Bell,Saquon Barkley,Michael Thomas,Mike Williams,Courtland Sutton,Cameron Brate,Kenny Stills,Jacksonville Jaguars,143.446,49500
279,Matt Schaub,Chris Carson,Saquon Barkley,Michael Thomas,Mike Williams,T.Y. Hilton,Hunter Henry,Cameron Brate,Tennessee Titans,143.43,49500
280,Jameis Winston,Leonard Fournette,Saquon Barkley,Michael Thomas,Courtland Sutton,Kenny Stills,Hunter Henry,Cameron Brate,Oakland Raiders,143.424,49700
281,Jameis Winston,Le'Veon Bell,Christian McCaffrey,Michael Thomas,Mike Williams,Courtland Sutton,Hunter Henry,Cameron Brate,Jacksonville Jaguars,143.424,49800
282,Matt Schaub,Latavius Murray,Christian McCaffrey,Michael Thomas,Courtland Sutton,Kenny Stills,Cameron Brate,Darren Waller,Tennessee Titans,143.4,49500
283,Matt Schaub,Chris Carson,Christian McCaffrey,Michael Thomas,Courtland Sutton,Kenny Stills,Cameron Brate,Kenny Golladay,Oakland Raiders,143.39000000000001,49500
284,Matt Schaub,Latavius Murray,Christian McCaffrey,Michael Thomas,Mike Williams,Kenny Golladay,Cameron Brate,Darren Waller,Tennessee Titans,143.37,49900
285,Matthew Stafford,Le'Veon Bell,Christian McCaffrey,Michael Thomas,Mike Williams,Kenny Golladay,Hunter Henry,Cameron Brate,Oakland Raiders,143.286,49700
286,Matt Schaub,Latavius Murray,Christian McCaffrey,Michael Thomas,Mike Williams,Kenny Golladay,Cameron Brate,Darren Waller,Jacksonville Jaguars,143.27,49600
287,Matthew Stafford,Leonard Fournette,Christian McCaffrey,Michael Thomas,Mike Williams,Kenny Stills,Cameron Brate,Darren Waller,Oakland Raiders,143.25600000000003,49900
288,Matt Schaub,Chris Carson,Christian McCaffrey,Michael Thomas,Kenny Stills,T.Y. Hilton,Cameron Brate,Darren Waller,Oakland Raiders,143.21,49800
289,Jameis Winston,Le'Veon Bell,Saquon Barkley,Michael Thomas,Courtland Sutton,Kenny Stills,Cameron Brate,T.Y. Hilton,Oakland Raiders,143.16400000000002,50000
290,Matt Schaub,Le'Veon Bell,Saquon Barkley,Michael Thomas,Mike Williams,Courtland Sutton,Darren Waller,Kenny Stills,Oakland Raiders,143.15,49900
291,Jameis Winston,Le'Veon Bell,Saquon Barkley,Michael Thomas,Mike Williams,Courtland Sutton,Hunter Henry,Cameron Brate,Tennessee Titans,143.13400000000001,49800
292,Matt Schaub,Chris Carson,Saquon Barkley,Michael Thomas,Kenny Stills,Kenny Golladay,Cameron Brate,Darren Waller,Oakland Raiders,143.12000000000003,49800
293,Jameis Winston,Leonard Fournette,Saquon Barkley,Michael Thomas,Mike Williams,T.Y. Hilton,Hunter Henry,Cameron Brate,Oakland Raiders,143.094,49800
294,Matt Schaub,Latavius Murray,Christian McCaffrey,Michael Thomas,Mike Williams,T.Y. Hilton,Cameron Brate,Darren Waller,Tennessee Titans,143.07,49600
295,Matt Schaub,Leonard Fournette,Saquon Barkley,Michael Thomas,Courtland Sutton,Kenny Stills,Hunter Henry,Cameron Brate,Jacksonville Jaguars,143.06000000000003,49900
296,Matt Schaub,Chris Carson,Christian McCaffrey,Michael Thomas,Mike Williams,T.Y. Hilton,Cameron Brate,Kenny Golladay,Oakland Raiders,143.06,49600
297,Matt Schaub,Latavius Murray,Christian McCaffrey,Michael Thomas,Kenny Stills,Kenny Golladay,Hunter Henry,Cameron Brate,Tennessee Titans,143.06,49600
298,Jameis Winston,Le'Veon Bell,Saquon Barkley,Michael Thomas,Mike Williams,Courtland Sutton,Hunter Henry,Cameron Brate,Jacksonville Jaguars,143.03400000000002,49500
299,Matt Schaub,Latavius Murray,Saquon Barkley,Michael Thomas,Mike Williams,Kenny Golladay,Cameron Brate,Darren Waller,Tennessee Titans,142.98000000000002,49600
300,Matt Schaub,Latavius Murray,Saquon Barkley,Michael Thomas,Mike Williams,Kenny Stills,Cameron Brate,Christian McCaffrey,Oakland Raiders,142.98000000000002,49500
301,Matt Schaub,Le'Veon Bell,Christian McCaffrey,Michael Thomas,Mike Williams,Kenny Stills,Hunter Henry,T.Y. Hilton,Oakland Raiders,142.9,50000
302,Matt Schaub,Le'Veon Bell,Leonard Fournette,Michael Thomas,Mike Williams,Courtland Sutton,Cameron Brate,Saquon Barkley,Oakland Raiders,142.88000000000002,49800
303,Matthew Stafford,Leonard Fournette,Saquon Barkley,Michael Thomas,Mike Williams,Kenny Stills,Cameron Brate,Darren Waller,Oakland Raiders,142.866,49600
304,Matt Schaub,Chris Carson,Saquon Barkley,Michael Thomas,Kenny Stills,T.Y. Hilton,Cameron Brate,Darren Waller,Oakland Raiders,142.82000000000002,49500
305,Matt Schaub,Le'Veon Bell,Saquon Barkley,Michael Thomas,Mike Williams,Kenny Stills,Hunter Henry,Kenny Golladay,Oakland Raiders,142.81,50000
306,Jameis Winston,Le'Veon Bell,Christian McCaffrey,Michael Thomas,Mike Williams,Courtland Sutton,Cameron Brate,Kenny Golladay,Oakland Raiders,142.764,49900
307,Matt Schaub,Leonard Fournette,Saquon Barkley,Michael Thomas,Mike Williams,T.Y. Hilton,Hunter Henry,Cameron Brate,Jacksonville Jaguars,142.73000000000002,50000
308,Matt Schaub,Chris Carson,Christian McCaffrey,Michael Thomas,Mike Williams,Kenny Stills,Cameron Brate,Kenny Golladay,Tennessee Titans,142.73000000000002,49900
309,Matt Schaub,Le'Veon Bell,Christian McCaffrey,Michael Thomas,Mike Williams,DeAndre Hopkins,Hunter Henry,Cameron Brate,Oakland Raiders,142.71,50000
310,Jameis Winston,Leonard Fournette,Saquon Barkley,Michael Thomas,Mike Williams,Kenny Stills,Hunter Henry,Cameron Brate,Jacksonville Jaguars,142.66400000000002,49800
311,Matthew Stafford,Le'Veon Bell,Christian McCaffrey,Michael Thomas,Mike Williams,Kenny Stills,Hunter Henry,Cameron Brate,Tennessee Titans,142.656,49700
312,Matt Schaub,Chris Carson,Christian McCaffrey,Michael Thomas,Mike Williams,Kenny Stills,Cameron Brate,Kenny Golladay,Jacksonville Jaguars,142.63000000000002,49600
313,Matt Schaub,Le'Veon Bell,Saquon Barkley,Michael Thomas,Courtland Sutton,T.Y. Hilton,Cameron Brate,Darren Waller,Oakland Raiders,142.59,50000
314,Jameis Winston,Le'Veon Bell,Saquon Barkley,Michael Thomas,Courtland Sutton,Kenny Stills,Cameron Brate,Darren Waller,Oakland Raiders,142.52400000000003,49800
315,Matt Schaub,Le'Veon Bell,Saquon Barkley,Michael Thomas,Mike Williams,Kenny Stills,Hunter Henry,T.Y. Hilton,Oakland Raiders,142.51,49700
316,Matt Schaub,Leonard Fournette,Christian McCaffrey,Michael Thomas,Courtland Sutton,Kenny Stills,Cameron Brate,T.Y. Hilton,Oakland Raiders,142.49,50000
317,Jameis Winston,Le'Veon Bell,Christian McCaffrey,Michael Thomas,Mike Williams,Courtland Sutton,Cameron Brate,T.Y. Hilton,Oakland Raiders,142.464,49600
318,Matt Schaub,Leonard Fournette,Christian McCaffrey,Michael Thomas,Mike Williams,Courtland Sutton,Hunter Henry,Cameron Brate,Tennessee Titans,142.46,49800
319,Matt Schaub,Chris Carson,Christian McCaffrey,Michael Thomas,Mike Williams,Kenny Stills,Cameron Brate,T.Y. Hilton,Tennessee Titans,142.43,49600
320,Matt Schaub,Leonard Fournette,Saquon Barkley,Michael Thomas,Courtland Sutton,Kenny Stills,Cameron Brate,Kenny Golladay,Oakland Raiders,142.40000000000003,50000
321,Jameis Winston,Le'Veon Bell,Saquon Barkley,Michael Thomas,Mike Williams,Courtland Sutton,Cameron Brate,Kenny Golladay,Oakland Raiders,142.37400000000002,49600
322,Matt Schaub,Leonard Fournette,Christian McCaffrey,Michael Thomas,Mike Williams,Courtland Sutton,Hunter Henry,Cameron Brate,Jacksonville Jaguars,142.36,49500
323,Matt Schaub,Chris Carson,Saquon Barkley,Michael Thomas,Mike Williams,Kenny Stills,Cameron Brate,Kenny Golladay,Tennessee Titans,142.34,49600
324,Matt Schaub,Le'Veon Bell,Saquon Barkley,Michael Thomas,Mike Williams,DeAndre Hopkins,Hunter Henry,Cameron Brate,Oakland Raiders,142.32,49700
325,Jameis Winston,Le'Veon Bell,Christian McCaffrey,Michael Thomas,Kenny Stills,T.Y. Hilton,Hunter Henry,Cameron Brate,Oakland Raiders,142.274,49900
326,Matt Schaub,Le'Veon Bell,Christian McCaffrey,Michael Thomas,Mike Williams,Kenny Stills,Hunter Henry,Darren Waller,Oakland Raiders,142.26000000000002,49800
327,Jameis Winston,Le'Veon Bell,Saquon Barkley,Michael Thomas,Mike Williams,T.Y. Hilton,Cameron Brate,Darren Waller,Oakland Raiders,142.19400000000002,49900
328,Jameis Winston,Le'Veon Bell,Saquon Barkley,Michael Thomas,Kenny Stills,Kenny Golladay,Hunter Henry,Cameron Brate,Oakland Raiders,142.18400000000003,49900
329,Matt Schaub,Le'Veon Bell,Saquon Barkley,Michael Thomas,Courtland Sutton,Kenny Stills,Cameron Brate,Darren Waller,Jacksonville Jaguars,142.16000000000003,50000
330,Jameis Winston,Le'Veon Bell,Christian McCaffrey,Michael Thomas,Mike Williams,Courtland Sutton,Cameron Brate,Kenny Stills,Tennessee Titans,142.13400000000001,49900
331,Matt Schaub,Leonard Fournette,Saquon Barkley,Michael Thomas,Courtland Sutton,Kenny Stills,Cameron Brate,T.Y. Hilton,Oakland Raiders,142.10000000000002,49700
332,Matt Schaub,Le'Veon Bell,Christian McCaffrey,Michael Thomas,Mike Williams,Courtland Sutton,Cameron Brate,T.Y. Hilton,Jacksonville Jaguars,142.1,49800
333,Jameis Winston,Leonard Fournette,Christian McCaffrey,Michael Thomas,Mike Williams,Kenny Stills,Cameron Brate,T.Y. Hilton,Oakland Raiders,142.094,49900
334,Matt Schaub,Saquon Barkley,Christian McCaffrey,Michael Thomas,Courtland Sutton,Kenny Stills,Hunter Henry,Cameron Brate,Oakland Raiders,142.08,49900
335,Matt Schaub,Leonard Fournette,Saquon Barkley,Michael Thomas,Mike Williams,Courtland Sutton,Hunter Henry,Cameron Brate,Tennessee Titans,142.07000000000002,49500
336,Jameis Winston,Le'Veon Bell,Christian McCaffrey,Michael Thomas,Mike Williams,Courtland Sutton,Cameron Brate,Kenny Stills,Jacksonville Jaguars,142.03400000000002,49600
337,Matt Schaub,Le'Veon Bell,Saquon Barkley,Michael Thomas,Mike Williams,Courtland Sutton,Cameron Brate,Kenny Golladay,Jacksonville Jaguars,142.01000000000002,49800
338,Jameis Winston,Leonard Fournette,Saquon Barkley,Michael Thomas,Mike Williams,Kenny Stills,Cameron Brate,Kenny Golladay,Oakland Raiders,142.00400000000002,49900
339,Matthew Stafford,Le'Veon Bell,Christian McCaffrey,Michael Thomas,Mike Williams,Kenny Stills,Cameron Brate,Kenny Golladay,Oakland Raiders,141.89600000000002,49500
340,Jameis Winston,Le'Veon Bell,Saquon Barkley,Michael Thomas,Kenny Stills,T.Y. Hilton,Hunter Henry,Cameron Brate,Oakland Raiders,141.88400000000001,49600
341,Matt Schaub,Le'Veon Bell,Christian McCaffrey,Michael Thomas,Courtland Sutton,Kenny Golladay,Hunter Henry,Cameron Brate,Oakland Raiders,141.88000000000002,49600
342,Matt Schaub,Le'Veon Bell,Saquon Barkley,Michael Thomas,Mike Williams,Kenny Stills,Hunter Henry,Darren Waller,Oakland Raiders,141.87,49500
343,Matt Schaub,Leonard Fournette,Christian McCaffrey,Michael Thomas,Courtland Sutton,Kenny Stills,Cameron Brate,Darren Waller,Oakland Raiders,141.85000000000002,49800
344,Matt Schaub,Le'Veon Bell,Saquon Barkley,Michael Thomas,Mike Williams,Courtland Sutton,Cameron Brate,T.Y. Hilton,Tennessee Titans,141.81,49800
345,Jameis Winston,Le'Veon Bell,Saquon Barkley,Michael Thomas,Mike Williams,Kenny Stills,Cameron Brate,Darren Waller,Jacksonville Jaguars,141.764,49900
346,Matt Schaub,Saquon Barkley,Christian McCaffrey,Michael Thomas,Mike Williams,T.Y. Hilton,Hunter Henry,Cameron Brate,Oakland Raiders,141.75,50000
347,Jameis Winston,Le'Veon Bell,Saquon Barkley,Michael Thomas,Mike Williams,Courtland Sutton,Cameron Brate,Kenny Stills,Tennessee Titans,141.744,49600
348,Matt Schaub,Le'Veon Bell,Saquon Barkley,Michael Thomas,Mike Williams,Courtland Sutton,Cameron Brate,T.Y. Hilton,Jacksonville Jaguars,141.71,49500
349,Jameis Winston,Leonard Fournette,Saquon Barkley,Michael Thomas,Mike Williams,Kenny Stills,Cameron Brate,T.Y. Hilton,Oakland Raiders,141.704,49600
350,Matt Schaub,Leonard Fournette,Christian McCaffrey,Michael Thomas,Mike Williams,Courtland Sutton,Cameron Brate,Kenny Golladay,Oakland Raiders,141.70000000000002,49600
351,Jameis Winston,Saquon Barkley,Christian McCaffrey,Michael Thomas,Mike Williams,Kenny Stills,Hunter Henry,Cameron Brate,Oakland Raiders,141.68400000000003,49800
352,Matt Schaub,Le'Veon Bell,Christian McCaffrey,Michael Thomas,Mike Williams,Courtland Sutton,Cameron Brate,Darren Waller,Tennessee Titans,141.56,49900
353,Matt Schaub,Leonard Fournette,Christian McCaffrey,Michael Thomas,Mike Williams,T.Y. Hilton,Cameron Brate,Darren Waller,Oakland Raiders,141.52,49900
354,Matt Schaub,Le'Veon Bell,Saquon Barkley,Michael Thomas,Kenny Stills,T.Y. Hilton,Hunter Henry,Cameron Brate,Jacksonville Jaguars,141.52,49800
355,Matt Schaub,Leonard Fournette,Christian McCaffrey,Michael Thomas,Kenny Stills,Kenny Golladay,Hunter Henry,Cameron Brate,Oakland Raiders,141.51000000000002,49900
356,Jameis Winston,Le'Veon Bell,Christian McCaffrey,Michael Thomas,Mike Williams,Kenny Golladay,Hunter Henry,Cameron Brate,Oakland Raiders,141.484,49500
357,Matt Schaub,Leonard Fournette,Saquon Barkley,Michael Thomas,Courtland Sutton,Kenny Stills,Cameron Brate,Darren Waller,Oakland Raiders,141.46000000000004,49500
358,Matt Schaub,Le'Veon Bell,Christian McCaffrey,Michael Thomas,Mike Williams,Courtland Sutton,Cameron Brate,Darren Waller,Jacksonville Jaguars,141.46,49600
359,Jameis Winston,Leonard Fournette,Christian McCaffrey,Michael Thomas,Mike Williams,Kenny Stills,Cameron Brate,Darren Waller,Oakland Raiders,141.454,49700
360,Matt Schaub,Leonard Fournette,Saquon Barkley,Michael Thomas,Mike Williams,Kenny Golladay,Cameron Brate,Darren Waller,Oakland Raiders,141.43000000000004,49900
361,Matt Schaub,Leonard Fournette,Saquon Barkley,Michael Thomas,Mike Williams,Kenny Stills,Cameron Brate,T.Y. Hilton,Jacksonville Jaguars,141.34,49800
362,Matt Schaub,Saquon Barkley,Christian McCaffrey,Michael Thomas,Mike Williams,Kenny Stills,Hunter Henry,Cameron Brate,Jacksonville Jaguars,141.32000000000002,50000
363,Matt Schaub,Le'Veon Bell,Christian McCaffrey,Michael Thomas,Mike Williams,Kenny Stills,Cameron Brate,DeAndre Hopkins,Oakland Raiders,141.32,49800
364,Matt Schaub,Le'Veon Bell,Christian McCaffrey,Michael Thomas,Courtland Sutton,Kenny Stills,Hunter Henry,Cameron Brate,Tennessee Titans,141.25,49600
365,Matt Schaub,Le'Veon Bell,Christian McCaffrey,Michael Thomas,Mike Williams,Kenny Golladay,Hunter Henry,Cameron Brate,Tennessee Titans,141.22,50000
366,Matt Schaub,Leonard Fournette,Christian McCaffrey,Michael Thomas,Kenny Stills,T.Y. Hilton,Hunter Henry,Cameron Brate,Oakland Raiders,141.21,49600
367,Matt Schaub,Le'Veon Bell,Saquon Barkley,Michael Thomas,Mike Williams,Courtland Sutton,Cameron Brate,Darren Waller,Tennessee Titans,141.17000000000002,49600
368,Matt Schaub,Leonard Fournette,Saquon Barkley,Michael Thomas,Mike Williams,T.Y. Hilton,Cameron Brate,Darren Waller,Oakland Raiders,141.13000000000002,49600
369,Matt Schaub,Leonard Fournette,Saquon Barkley,Michael Thomas,Kenny Stills,Kenny Golladay,Hunter Henry,Cameron Brate,Oakland Raiders,141.12000000000003,49600
370,Matt Schaub,Le'Veon Bell,Christian McCaffrey,Michael Thomas,Mike Williams,Kenny Golladay,Hunter Henry,Cameron Brate,Jacksonville Jaguars,141.12,49700
371,Matt Schaub,Leonard Fournette,Christian McCaffrey,Michael Thomas,Mike Williams,Kenny Stills,Cameron Brate,Darren Waller,Jacksonville Jaguars,141.09000000000003,49900
372,Matt Schaub,Leonard Fournette,Christian McCaffrey,Michael Thomas,Mike Williams,Courtland Sutton,Cameron Brate,Kenny Stills,Tennessee Titans,141.07000000000002,49600
373,Matt Schaub,Le'Veon Bell,Saquon Barkley,Michael Thomas,Mike Williams,Kenny Stills,Cameron Brate,DeAndre Hopkins,Oakland Raiders,140.93,49500
374,Matt Schaub,Le'Veon Bell,Christian McCaffrey,Michael Thomas,Mike Williams,T.Y. Hilton,Hunter Henry,Cameron Brate,Tennessee Titans,140.92,49700
375,Matt Schaub,Le'Veon Bell,Saquon Barkley,Michael Thomas,Kenny Stills,T.Y. Hilton,Cameron Brate,Kenny Golladay,Oakland Raiders,140.86,49900
376,Jameis Winston,Le'Veon Bell,Christian McCaffrey,Michael Thomas,Mike Williams,Kenny Stills,Hunter Henry,Cameron Brate,Tennessee Titans,140.854,49500
377,Matt Schaub,Le'Veon Bell,Saquon Barkley,Michael Thomas,Mike Williams,Kenny Golladay,Hunter Henry,Cameron Brate,Tennessee Titans,140.83,49700
378,Matt Schaub,Leonard Fournette,Saquon Barkley,Michael Thomas,Mike Williams,Kenny Stills,Cameron Brate,Darren Waller,Tennessee Titans,140.8,49900
379,Matt Schaub,Leonard Fournette,Saquon Barkley,Michael Thomas,Mike Williams,Kenny Stills,Cameron Brate,Darren Waller,Jacksonville Jaguars,140.70000000000002,49600
380,Matt Schaub,Le'Veon Bell,Christian McCaffrey,Michael Thomas,Kenny Stills,Kenny Golladay,Cameron Brate,Darren Waller,Oakland Raiders,140.61,50000
381,Matt Schaub,Le'Veon Bell,Leonard Fournette,Michael Thomas,Mike Williams,Kenny Stills,Cameron Brate,Christian McCaffrey,Oakland Raiders,140.60000000000002,49500
382,Matt Schaub,Saquon Barkley,Christian McCaffrey,Michael Thomas,Mike Williams,Kenny Stills,Cameron Brate,T.Y. Hilton,Oakland Raiders,140.36,49800
383,Matt Schaub,Le'Veon Bell,Christian McCaffrey,Michael Thomas,Kenny Stills,T.Y. Hilton,Cameron Brate,Darren Waller,Oakland Raiders,140.31,49700
384,Matt Schaub,Le'Veon Bell,Saquon Barkley,Michael Thomas,Kenny Stills,Kenny Golladay,Cameron Brate,Darren Waller,Oakland Raiders,140.22000000000003,49700
385,Matt Schaub,Le'Veon Bell,Christian McCaffrey,Michael Thomas,Mike Williams,T.Y. Hilton,Cameron Brate,Kenny Golladay,Oakland Raiders,140.16,49500
386,Matt Schaub,Le'Veon Bell,Christian McCaffrey,Michael Thomas,Mike Williams,Kenny Stills,Cameron Brate,Kenny Golladay,Tennessee Titans,139.83,49800
387,Matt Schaub,Le'Veon Bell,Christian McCaffrey,Michael Thomas,Mike Williams,Kenny Stills,Cameron Brate,Kenny Golladay,Jacksonville Jaguars,139.73000000000002,49500
388,Matt Schaub,Saquon Barkley,Christian McCaffrey,Michael Thomas,Mike Williams,Kenny Stills,Cameron Brate,Darren Waller,Oakland Raiders,139.72000000000003,49600
389,Matt Schaub,Le'Veon Bell,Christian McCaffrey,Michael Thomas,Mike Williams,Kenny Stills,Cameron Brate,T.Y. Hilton,Tennessee Titans,139.53,49500
390,Matt Schaub,Le'Veon Bell,Saquon Barkley,Michael Thomas,Mike Williams,Kenny Stills,Cameron Brate,Kenny Golladay,Tennessee Titans,139.44,49500
