QB,RB,RB,WR,WR,WR,TE,FLEX,DST,,Instructions,,,,,,,,
Ryan Fitzpatrick (15607545),Mike Davis (15607603),Alexander Mattison (15607599),Terry McLaurin (15607841),Kenny Golladay (15607831),Tyler Boyd (15607839),Eric Ebron (15608131),Devonta Freeman (15607639),Dolphins  (15608293),,1. Locate the player you want to select in the list below ,,,,,,,,
Matthew Stafford (15607542),Mike Davis (15607603),Alexander Mattison (15607599),Terry McLaurin (15607841),Kenny Golladay (15607831),Tyler Boyd (15607839),Eric Ebron (15608131),Devonta Freeman (15607639),Vikings  (15608300),,2. Copy the ID of your player (you can use the Name + ID column or the ID column) ,,,,,,,,
Ryan Fitzpatrick (15607545),Mike Davis (15607603),Antonio Gibson (15607625),Terry McLaurin (15607841),Kenny Golladay (15607831),Tyler Boyd (15607839),Eric Ebron (15608131),Alexander Mattison (15607599),Vikings  (15608300),,3. Paste the ID into the roster position desired ,,,,,,,,
Ryan Fitzpatrick (15607545),Derrick Henry (15607597),Alexander Mattison (15607599),Terry McLaurin (15607841),Kenny Golladay (15607831),Tyler Boyd (15607839),Eric Ebron (15608131),Devonta Freeman (15607639),Dolphins  (15608293),,4. You must include an ID for each player; you cannot use just the player's name ,,,,,,,,
Ryan Fitzpatrick (15607545),Alexander Mattison (15607599),Devonta Freeman (15607639),Terry McLaurin (15607841),Kenny Golladay (15607831),Adam Thielen (15607807),Eric Ebron (15608131),Tyler Boyd (15607839),Dolphins  (15608293),,5. You can create up to 500 lineups per file ,,,,,,,,
Matthew Stafford (15607542),Derrick Henry (15607597),Alexander Mattison (15607599),Terry McLaurin (15607841),Kenny Golladay (15607831),Tyler Boyd (15607839),Eric Ebron (15608131),Devonta Freeman (15607639),Vikings  (15608300),,,,,,,,,,
Matthew Stafford (15607542),Alexander Mattison (15607599),Devonta Freeman (15607639),Terry McLaurin (15607841),Kenny Golladay (15607831),Adam Thielen (15607807),Eric Ebron (15608131),Tyler Boyd (15607839),Vikings  (15608300),,Position,Name + ID,Name,ID,Roster Position,Salary,Game Info,TeamAbbrev,AvgPointsPerGame
Matthew Stafford (15607542),Mike Davis (15607603),Alexander Mattison (15607599),Davante Adams (15607803),Kenny Golladay (15607831),Jeff Smith (15608077),Eric Ebron (15608131),Tyler Boyd (15607839),Vikings  (15608300),,RB,Christian McCaffrey (15607591),Christian McCaffrey,15607591,RB/FLEX,8500,CHI@CAR 10/18/2020 01:00PM ET,CAR,26.65
Ryan Fitzpatrick (15607545),Mike Davis (15607603),Alexander Mattison (15607599),Terry McLaurin (15607841),Davante Adams (15607803),Kenny Golladay (15607831),Eric Ebron (15608131),Jeff Smith (15608077),Dolphins  (15608293),,RB,Dalvin Cook (15607593),Dalvin Cook,15607593,RB/FLEX,8000,ATL@MIN 10/18/2020 01:00PM ET,MIN,24.06
Matthew Stafford (15607542),Mike Davis (15607603),Alexander Mattison (15607599),Terry McLaurin (15607841),Davante Adams (15607803),Kenny Golladay (15607831),Eric Ebron (15608131),Jeff Smith (15608077),Vikings  (15608300),,WR,Davante Adams (15607803),Davante Adams,15607803,WR/FLEX,8000,GB@TB 10/18/2020 04:25PM ET,GB,25.6
Ryan Fitzpatrick (15607545),Derrick Henry (15607597),Mike Davis (15607603),Kenny Golladay (15607831),Jeff Smith (15608077),Tyler Boyd (15607839),Jonnu Smith (15608115),Alexander Mattison (15607599),Vikings  (15608300),,WR,Calvin Ridley (15607805),Calvin Ridley,15607805,WR/FLEX,7800,ATL@MIN 10/18/2020 01:00PM ET,ATL,22.82
Ryan Fitzpatrick (15607545),Mike Davis (15607603),Alexander Mattison (15607599),Kenny Golladay (15607831),Adam Thielen (15607807),Jeff Smith (15608077),Jonnu Smith (15608115),Tyler Boyd (15607839),Vikings  (15608300),,QB,Lamar Jackson (15607534),Lamar Jackson,15607534,QB,7700,BAL@PHI 10/18/2020 01:00PM ET,BAL,20.15
Matthew Stafford (15607542),Derrick Henry (15607597),Mike Davis (15607603),Kenny Golladay (15607831),Jeff Smith (15608077),Tyler Boyd (15607839),Eric Ebron (15608131),Alexander Mattison (15607599),Dolphins  (15608293),,RB,Aaron Jones (15607595),Aaron Jones,15607595,RB/FLEX,7600,GB@TB 10/18/2020 04:25PM ET,GB,26.22
Ryan Fitzpatrick (15607545),Derrick Henry (15607597),Antonio Gibson (15607625),Terry McLaurin (15607841),Kenny Golladay (15607831),Tyler Boyd (15607839),Eric Ebron (15608131),Alexander Mattison (15607599),Vikings  (15608300),,QB,Aaron Rodgers (15607535),Aaron Rodgers,15607535,QB,7500,GB@TB 10/18/2020 04:25PM ET,GB,27.52
Ryan Fitzpatrick (15607545),Antonio Gibson (15607625),Alexander Mattison (15607599),Davante Adams (15607803),Kenny Golladay (15607831),Tyler Boyd (15607839),Eric Ebron (15608131),Devonta Freeman (15607639),Vikings  (15608300),,WR,Adam Thielen (15607807),Adam Thielen,15607807,WR/FLEX,7300,ATL@MIN 10/18/2020 01:00PM ET,MIN,22.18
Matthew Stafford (15607542),Mike Davis (15607603),Alexander Mattison (15607599),Kenny Golladay (15607831),Adam Thielen (15607807),Jeff Smith (15608077),Eric Ebron (15608131),Tyler Boyd (15607839),Dolphins  (15608293),,RB,Derrick Henry (15607597),Derrick Henry,15607597,RB/FLEX,7300,HOU@TEN 10/18/2020 01:00PM ET,TEN,19.2
Ryan Fitzpatrick (15607545),Antonio Gibson (15607625),Alexander Mattison (15607599),Terry McLaurin (15607841),Kenny Golladay (15607831),Adam Thielen (15607807),Eric Ebron (15608131),Tyler Boyd (15607839),Vikings  (15608300),,RB,Alexander Mattison (15607599),Alexander Mattison,15607599,RB/FLEX,7200,ATL@MIN 10/18/2020 01:00PM ET,MIN,8.92
Ryan Fitzpatrick (15607545),Mike Davis (15607603),Alexander Mattison (15607599),Davante Adams (15607803),Kenny Golladay (15607831),Jeff Smith (15608077),Eric Ebron (15608131),Tyler Boyd (15607839),Vikings  (15608300),,RB,James Conner (15607601),James Conner,15607601,RB/FLEX,7100,CLE@PIT 10/18/2020 01:00PM ET,PIT,17.5
Matthew Stafford (15607542),Mike Davis (15607603),Alexander Mattison (15607599),Kenny Golladay (15607831),Adam Thielen (15607807),Jeff Smith (15608077),Jonnu Smith (15608115),Devonta Freeman (15607639),Dolphins  (15608293),,RB,Mike Davis (15607603),Mike Davis,15607603,RB/FLEX,7000,CHI@CAR 10/18/2020 01:00PM ET,CAR,18.12
Ryan Fitzpatrick (15607545),Derrick Henry (15607597),Mike Davis (15607603),Terry McLaurin (15607841),Kenny Golladay (15607831),Jeff Smith (15608077),Jonnu Smith (15608115),Alexander Mattison (15607599),Vikings  (15608300),,WR,Allen Robinson II (15607809),Allen Robinson II,15607809,WR/FLEX,7000,CHI@CAR 10/18/2020 01:00PM ET,CHI,19
,,,,,,,,,,QB,Deshaun Watson (15607536),Deshaun Watson,15607536,QB,7000,HOU@TEN 10/18/2020 01:00PM ET,HOU,21.87
,,,,,,,,,,RB,Kareem Hunt (15607605),Kareem Hunt,15607605,RB/FLEX,6900,CLE@PIT 10/18/2020 01:00PM ET,CLE,17.6
,,,,,,,,,,WR,Mike Evans (15607811),Mike Evans,15607811,WR/FLEX,6900,GB@TB 10/18/2020 04:25PM ET,TB,18.22
,,,,,,,,,,RB,James Robinson (15607607),James Robinson,15607607,RB/FLEX,6800,DET@JAX 10/18/2020 01:00PM ET,JAX,18.12
,,,,,,,,,,WR,Will Fuller V (15607813),Will Fuller V,15607813,WR/FLEX,6800,HOU@TEN 10/18/2020 01:00PM ET,HOU,15.84
,,,,,,,,,,WR,Julio Jones (15607815),Julio Jones,15607815,WR/FLEX,6700,ATL@MIN 10/18/2020 01:00PM ET,ATL,13.1
,,,,,,,,,,QB,Ben Roethlisberger (15607537),Ben Roethlisberger,15607537,QB,6700,CLE@PIT 10/18/2020 01:00PM ET,PIT,21.21
,,,,,,,,,,RB,Miles Sanders (15607609),Miles Sanders,15607609,RB/FLEX,6600,BAL@PHI 10/18/2020 01:00PM ET,PHI,17.32
,,,,,,,,,,QB,Matt Ryan (15607538),Matt Ryan,15607538,QB,6600,ATL@MIN 10/18/2020 01:00PM ET,ATL,17.84
,,,,,,,,,,WR,JuJu Smith-Schuster (15607817),JuJu Smith-Schuster,15607817,WR/FLEX,6600,CLE@PIT 10/18/2020 01:00PM ET,PIT,14.95
,,,,,,,,,,WR,Marquise Brown (15607819),Marquise Brown,15607819,WR/FLEX,6500,BAL@PHI 10/18/2020 01:00PM ET,BAL,12.6
,,,,,,,,,,TE,Mark Andrews (15608107),Mark Andrews,15608107,TE/FLEX,6500,BAL@PHI 10/18/2020 01:00PM ET,BAL,14.04
,,,,,,,,,,QB,Tom Brady (15607540),Tom Brady,15607540,QB,6500,GB@TB 10/18/2020 04:25PM ET,TB,21.52
,,,,,,,,,,QB,Cam Newton (15607539),Cam Newton,15607539,QB,6500,DEN@NE 10/18/2020 01:00PM ET,NE,25.49
,,,,,,,,,,RB,Jonathan Taylor (15607611),Jonathan Taylor,15607611,RB/FLEX,6400,CIN@IND 10/18/2020 01:00PM ET,IND,14.88
,,,,,,,,,,QB,Gardner Minshew II (15607541),Gardner Minshew II,15607541,QB,6400,DET@JAX 10/18/2020 01:00PM ET,JAX,21.85
,,,,,,,,,,WR,Odell Beckham Jr. (15607823),Odell Beckham Jr.,15607823,WR/FLEX,6400,CLE@PIT 10/18/2020 01:00PM ET,CLE,16.46
,,,,,,,,,,WR,Chris Godwin (15607821),Chris Godwin,15607821,WR/FLEX,6400,GB@TB 10/18/2020 04:25PM ET,TB,15.65
,,,,,,,,,,WR,DeVante Parker (15607829),DeVante Parker,15607829,WR/FLEX,6300,NYJ@MIA 10/18/2020 04:05PM ET,MIA,14.78
,,,,,,,,,,QB,Matthew Stafford (15607542),Matthew Stafford,15607542,QB,6300,DET@JAX 10/18/2020 01:00PM ET,DET,19.04
,,,,,,,,,,WR,DJ Chark Jr. (15607827),DJ Chark Jr.,15607827,WR/FLEX,6300,DET@JAX 10/18/2020 01:00PM ET,JAX,14.5
,,,,,,,,,,RB,Todd Gurley II (15607613),Todd Gurley II,15607613,RB/FLEX,6300,ATL@MIN 10/18/2020 01:00PM ET,ATL,16.46
,,,,,,,,,,WR,Robby Anderson (15607825),Robby Anderson,15607825,WR/FLEX,6300,CHI@CAR 10/18/2020 01:00PM ET,CAR,20.24
,,,,,,,,,,RB,Joe Mixon (15607615),Joe Mixon,15607615,RB/FLEX,6200,CIN@IND 10/18/2020 01:00PM ET,CIN,17.74
,,,,,,,,,,WR,Kenny Golladay (15607831),Kenny Golladay,15607831,WR/FLEX,6200,DET@JAX 10/18/2020 01:00PM ET,DET,16.95
,,,,,,,,,,WR,Jamison Crowder (15607833),Jamison Crowder,15607833,WR/FLEX,6100,NYJ@MIA 10/18/2020 04:05PM ET,NYJ,25.5
,,,,,,,,,,QB,Kirk Cousins (15607543),Kirk Cousins,15607543,QB,6100,ATL@MIN 10/18/2020 01:00PM ET,MIN,15.36
,,,,,,,,,,RB,Nick Chubb (15607617),Nick Chubb,15607617,RB/FLEX,6100,CLE@PIT 10/18/2020 01:00PM ET,CLE,16.8
,,,,,,,,,,WR,Justin Jefferson (15607835),Justin Jefferson,15607835,WR/FLEX,6000,ATL@MIN 10/18/2020 01:00PM ET,MIN,13.62
,,,,,,,,,,QB,Teddy Bridgewater (15607544),Teddy Bridgewater,15607544,QB,6000,CHI@CAR 10/18/2020 01:00PM ET,CAR,19.94
,,,,,,,,,,RB,Ronald Jones II (15607621),Ronald Jones II,15607621,RB/FLEX,6000,GB@TB 10/18/2020 04:25PM ET,TB,14.1
,,,,,,,,,,RB,Melvin Gordon III (15607619),Melvin Gordon III,15607619,RB/FLEX,6000,DEN@NE 10/18/2020 01:00PM ET,DEN,17.4
,,,,,,,,,,QB,Ryan Fitzpatrick (15607545),Ryan Fitzpatrick,15607545,QB,5900,NYJ@MIA 10/18/2020 04:05PM ET,MIA,23.57
,,,,,,,,,,QB,Philip Rivers (15607547),Philip Rivers,15607547,QB,5900,CIN@IND 10/18/2020 01:00PM ET,IND,12.64
,,,,,,,,,,WR,DJ Moore (15607837),DJ Moore,15607837,WR/FLEX,5900,CHI@CAR 10/18/2020 01:00PM ET,CAR,13.82
,,,,,,,,,,QB,Ryan Tannehill (15607546),Ryan Tannehill,15607546,QB,5900,HOU@TEN 10/18/2020 01:00PM ET,TEN,23.22
,,,,,,,,,,WR,Tyler Boyd (15607839),Tyler Boyd,15607839,WR/FLEX,5800,CIN@IND 10/18/2020 01:00PM ET,CIN,15.52
,,,,,,,,,,QB,Nick Foles (15607548),Nick Foles,15607548,QB,5800,CHI@CAR 10/18/2020 01:00PM ET,CHI,14.57
,,,,,,,,,,RB,David Montgomery (15607623),David Montgomery,15607623,RB/FLEX,5800,CHI@CAR 10/18/2020 01:00PM ET,CHI,13.42
,,,,,,,,,,WR,Terry McLaurin (15607841),Terry McLaurin,15607841,WR/FLEX,5700,WAS@NYG 10/18/2020 01:00PM ET,WAS,16.52
,,,,,,,,,,QB,Baker Mayfield (15607549),Baker Mayfield,15607549,QB,5700,CLE@PIT 10/18/2020 01:00PM ET,CLE,14.85
,,,,,,,,,,QB,Carson Wentz (15607550),Carson Wentz,15607550,QB,5600,BAL@PHI 10/18/2020 01:00PM ET,PHI,19.14
,,,,,,,,,,WR,A.J. Brown (15607845),A.J. Brown,15607845,WR/FLEX,5600,HOU@TEN 10/18/2020 01:00PM ET,TEN,15.05
,,,,,,,,,,WR,Julian Edelman (15607843),Julian Edelman,15607843,WR/FLEX,5600,DEN@NE 10/18/2020 01:00PM ET,NE,13.15
,,,,,,,,,,TE,Mike Gesicki (15608109),Mike Gesicki,15608109,TE/FLEX,5500,NYJ@MIA 10/18/2020 04:05PM ET,MIA,12.22
,,,,,,,,,,RB,Antonio Gibson (15607625),Antonio Gibson,15607625,RB/FLEX,5500,WAS@NYG 10/18/2020 01:00PM ET,WAS,13.1
,,,,,,,,,,WR,Jerry Jeudy (15607847),Jerry Jeudy,15607847,WR/FLEX,5500,DEN@NE 10/18/2020 01:00PM ET,DEN,11.1
,,,,,,,,,,QB,Tua Tagovailoa (15607552),Tua Tagovailoa,15607552,QB,5400,NYJ@MIA 10/18/2020 04:05PM ET,MIA,0
,,,,,,,,,,RB,Myles Gaskin (15607629),Myles Gaskin,15607629,RB/FLEX,5400,NYJ@MIA 10/18/2020 04:05PM ET,MIA,13.72
,,,,,,,,,,QB,Joe Burrow (15607554),Joe Burrow,15607554,QB,5400,CIN@IND 10/18/2020 01:00PM ET,CIN,18.93
,,,,,,,,,,QB,Daniel Jones (15607553),Daniel Jones,15607553,QB,5400,WAS@NYG 10/18/2020 01:00PM ET,NYG,11.89
,,,,,,,,,,WR,Darius Slayton (15607849),Darius Slayton,15607849,WR/FLEX,5400,WAS@NYG 10/18/2020 01:00PM ET,NYG,15.3
,,,,,,,,,,RB,David Johnson (15607627),David Johnson,15607627,RB/FLEX,5400,HOU@TEN 10/18/2020 01:00PM ET,HOU,12.6
,,,,,,,,,,QB,Jarrett Stidham (15607551),Jarrett Stidham,15607551,QB,5400,DEN@NE 10/18/2020 01:00PM ET,NE,4.7
,,,,,,,,,,QB,Drew Lock (15607555),Drew Lock,15607555,QB,5400,DEN@NE 10/18/2020 01:00PM ET,DEN,6.47
,,,,,,,,,,TE,Noah Fant (15608111),Noah Fant,15608111,TE/FLEX,5400,DEN@NE 10/18/2020 01:00PM ET,DEN,13.72
,,,,,,,,,,RB,Le'Veon Bell (15607631),Le'Veon Bell,15607631,RB/FLEX,5300,NYJ@MIA 10/18/2020 04:05PM ET,NYJ,7.15
,,,,,,,,,,TE,T.J. Hockenson (15608113),T.J. Hockenson,15608113,TE/FLEX,5300,DET@JAX 10/18/2020 01:00PM ET,DET,11.75
,,,,,,,,,,QB,Sam Darnold (15607557),Sam Darnold,15607557,QB,5200,NYJ@MIA 10/18/2020 04:05PM ET,NYJ,14.34
,,,,,,,,,,WR,Laviska Shenault Jr. (15607851),Laviska Shenault Jr.,15607851,WR/FLEX,5200,DET@JAX 10/18/2020 01:00PM ET,JAX,12.26
,,,,,,,,,,QB,Mitchell Trubisky (15607558),Mitchell Trubisky,15607558,QB,5200,CHI@CAR 10/18/2020 01:00PM ET,CHI,17.37
,,,,,,,,,,TE,Jonnu Smith (15608115),Jonnu Smith,15608115,TE/FLEX,5200,HOU@TEN 10/18/2020 01:00PM ET,TEN,17.52
,,,,,,,,,,WR,Chase Claypool (15607853),Chase Claypool,15607853,WR/FLEX,5200,CLE@PIT 10/18/2020 01:00PM ET,PIT,18.38
,,,,,,,,,,QB,Brian Hoyer (15607556),Brian Hoyer,15607556,QB,5200,DEN@NE 10/18/2020 01:00PM ET,NE,4
,,,,,,,,,,QB,Brett Rypien (15607559),Brett Rypien,15607559,QB,5200,DEN@NE 10/18/2020 01:00PM ET,DEN,7.65
,,,,,,,,,,RB,Mark Ingram II (15607633),Mark Ingram II,15607633,RB/FLEX,5100,BAL@PHI 10/18/2020 01:00PM ET,BAL,7.6
,,,,,,,,,,QB,Joe Flacco (15607560),Joe Flacco,15607560,QB,5100,NYJ@MIA 10/18/2020 04:05PM ET,NYJ,7.22
,,,,,,,,,,WR,Marvin Jones Jr. (15607857),Marvin Jones Jr.,15607857,WR/FLEX,5100,DET@JAX 10/18/2020 01:00PM ET,DET,7.95
,,,,,,,,,,QB,Kyle Allen (15607561),Kyle Allen,15607561,QB,5100,WAS@NYG 10/18/2020 01:00PM ET,WAS,9.66
,,,,,,,,,,WR,Allen Lazard (15607855),Allen Lazard,15607855,WR/FLEX,5100,GB@TB 10/18/2020 04:25PM ET,GB,18.37
,,,,,,,,,,TE,Robert Tonyan (15608117),Robert Tonyan,15608117,TE/FLEX,5100,GB@TB 10/18/2020 04:25PM ET,GB,15.08
,,,,,,,,,,QB,Jalen Hurts (15607564),Jalen Hurts,15607564,QB,5000,BAL@PHI 10/18/2020 01:00PM ET,PHI,0.83
,,,,,,,,,,TE,Zach Ertz (15608121),Zach Ertz,15608121,TE/FLEX,5000,BAL@PHI 10/18/2020 01:00PM ET,PHI,8.5
,,,,,,,,,,WR,T.Y. Hilton (15607861),T.Y. Hilton,15607861,WR/FLEX,5000,CIN@IND 10/18/2020 01:00PM ET,IND,8.42
,,,,,,,,,,QB,Alex Smith (15607562),Alex Smith,15607562,QB,5000,WAS@NYG 10/18/2020 01:00PM ET,WAS,1.58
,,,,,,,,,,QB,Dwayne Haskins Jr. (15607563),Dwayne Haskins Jr.,15607563,QB,5000,WAS@NYG 10/18/2020 01:00PM ET,WAS,15.14
,,,,,,,,,,TE,Jimmy Graham (15608119),Jimmy Graham,15608119,TE/FLEX,5000,CHI@CAR 10/18/2020 01:00PM ET,CHI,11.58
,,,,,,,,,,WR,Brandin Cooks (15607859),Brandin Cooks,15607859,WR/FLEX,5000,HOU@TEN 10/18/2020 01:00PM ET,HOU,11.38
,,,,,,,,,,RB,Leonard Fournette (15607635),Leonard Fournette,15607635,RB/FLEX,5000,GB@TB 10/18/2020 04:25PM ET,TB,12.57
,,,,,,,,,,QB,Blake Bortles (15607565),Blake Bortles,15607565,QB,5000,DEN@NE 10/18/2020 01:00PM ET,DEN,0
,,,,,,,,,,RB,Damien Harris (15607637),Damien Harris,15607637,RB/FLEX,5000,DEN@NE 10/18/2020 01:00PM ET,NE,13
,,,,,,,,,,WR,Keelan Cole (15607867),Keelan Cole,15607867,WR/FLEX,4900,DET@JAX 10/18/2020 01:00PM ET,JAX,12.22
,,,,,,,,,,RB,Devonta Freeman (15607639),Devonta Freeman,15607639,RB/FLEX,4900,WAS@NYG 10/18/2020 01:00PM ET,NYG,9.5
,,,,,,,,,,TE,Evan Engram (15608123),Evan Engram,15608123,TE/FLEX,4900,WAS@NYG 10/18/2020 01:00PM ET,NYG,7.92
,,,,,,,,,,WR,Diontae Johnson (15607863),Diontae Johnson,15607863,WR/FLEX,4900,CLE@PIT 10/18/2020 01:00PM ET,PIT,8.9
,,,,,,,,,,WR,Jarvis Landry (15607865),Jarvis Landry,15607865,WR/FLEX,4900,CLE@PIT 10/18/2020 01:00PM ET,CLE,10.88
,,,,,,,,,,QB,Jeff Driskel (15607566),Jeff Driskel,15607566,QB,4900,DEN@NE 10/18/2020 01:00PM ET,DEN,10.69
,,,,,,,,,,QB,Matt Schaub (15607569),Matt Schaub,15607569,QB,4800,ATL@MIN 10/18/2020 01:00PM ET,ATL,0
,,,,,,,,,,WR,Russell Gage (15607873),Russell Gage,15607873,WR/FLEX,4800,ATL@MIN 10/18/2020 01:00PM ET,ATL,10.44
,,,,,,,,,,WR,Sterling Shepard (15607871),Sterling Shepard,15607871,WR/FLEX,4800,WAS@NYG 10/18/2020 01:00PM ET,NYG,8.1
,,,,,,,,,,QB,AJ McCarron (15607568),AJ McCarron,15607568,QB,4800,HOU@TEN 10/18/2020 01:00PM ET,HOU,0
,,,,,,,,,,WR,Corey Davis (15607869),Corey Davis,15607869,WR/FLEX,4800,HOU@TEN 10/18/2020 01:00PM ET,TEN,14.87
,,,,,,,,,,QB,Mason Rudolph (15607567),Mason Rudolph,15607567,QB,4800,CLE@PIT 10/18/2020 01:00PM ET,PIT,0
,,,,,,,,,,RB,James White (15607641),James White,15607641,RB/FLEX,4800,DEN@NE 10/18/2020 01:00PM ET,NE,10.55
,,,,,,,,,,WR,Preston Williams (15607875),Preston Williams,15607875,WR/FLEX,4700,NYJ@MIA 10/18/2020 04:05PM ET,MIA,9.7
,,,,,,,,,,WR,Zach Pascal (15607877),Zach Pascal,15607877,WR/FLEX,4700,CIN@IND 10/18/2020 01:00PM ET,IND,6.48
,,,,,,,,,,WR,Tee Higgins (15607879),Tee Higgins,15607879,WR/FLEX,4700,CIN@IND 10/18/2020 01:00PM ET,CIN,10.14
,,,,,,,,,,RB,Adrian Peterson (15607643),Adrian Peterson,15607643,RB/FLEX,4700,DET@JAX 10/18/2020 01:00PM ET,DET,9.4
,,,,,,,,,,TE,Hayden Hurst (15608125),Hayden Hurst,15608125,TE/FLEX,4700,ATL@MIN 10/18/2020 01:00PM ET,ATL,8.8
,,,,,,,,,,QB,Case Keenum (15607570),Case Keenum,15607570,QB,4700,CLE@PIT 10/18/2020 01:00PM ET,CLE,0
,,,,,,,,,,WR,Alshon Jeffery (15607881),Alshon Jeffery,15607881,WR/FLEX,4600,BAL@PHI 10/18/2020 01:00PM ET,PHI,0
,,,,,,,,,,QB,Sean Mannion (15607571),Sean Mannion,15607571,QB,4600,ATL@MIN 10/18/2020 01:00PM ET,MIN,0
,,,,,,,,,,WR,Golden Tate (15607885),Golden Tate,15607885,WR/FLEX,4600,WAS@NYG 10/18/2020 01:00PM ET,NYG,8.12
,,,,,,,,,,WR,Marquez Valdes-Scantling (15607883),Marquez Valdes-Scantling,15607883,WR/FLEX,4600,GB@TB 10/18/2020 04:25PM ET,GB,9.75
,,,,,,,,,,RB,Rex Burkhead (15607645),Rex Burkhead,15607645,RB/FLEX,4600,DEN@NE 10/18/2020 01:00PM ET,NE,13.22
,,,,,,,,,,DST,Ravens  (15608281),Ravens ,15608281,DST,4500,BAL@PHI 10/18/2020 01:00PM ET,BAL,13.8
,,,,,,,,,,QB,Jacoby Brissett (15607574),Jacoby Brissett,15607574,QB,4500,CIN@IND 10/18/2020 01:00PM ET,IND,0.34
,,,,,,,,,,QB,Mike Glennon (15607573),Mike Glennon,15607573,QB,4500,DET@JAX 10/18/2020 01:00PM ET,JAX,0
,,,,,,,,,,RB,D'Andre Swift (15607647),D'Andre Swift,15607647,RB/FLEX,4500,DET@JAX 10/18/2020 01:00PM ET,DET,10.4
,,,,,,,,,,QB,Will Grier (15607572),Will Grier,15607572,QB,4500,CHI@CAR 10/18/2020 01:00PM ET,CAR,0
,,,,,,,,,,WR,N'Keal Harry (15607887),N'Keal Harry,15607887,WR/FLEX,4500,DEN@NE 10/18/2020 01:00PM ET,NE,9.95
,,,,,,,,,,WR,Tim Patrick (15607889),Tim Patrick,15607889,WR/FLEX,4500,DEN@NE 10/18/2020 01:00PM ET,DEN,12.98
,,,,,,,,,,WR,Travis Fulgham (15607893),Travis Fulgham,15607893,WR/FLEX,4400,BAL@PHI 10/18/2020 01:00PM ET,PHI,23.95
,,,,,,,,,,RB,J.D. McKissic (15607649),J.D. McKissic,15607649,RB/FLEX,4400,WAS@NYG 10/18/2020 01:00PM ET,WAS,7.18
,,,,,,,,,,WR,Randall Cobb (15607891),Randall Cobb,15607891,WR/FLEX,4400,HOU@TEN 10/18/2020 01:00PM ET,HOU,10.2
,,,,,,,,,,QB,Blaine Gabbert (15607575),Blaine Gabbert,15607575,QB,4400,GB@TB 10/18/2020 04:25PM ET,TB,0
,,,,,,,,,,TE,Rob Gronkowski (15608127),Rob Gronkowski,15608127,TE/FLEX,4400,GB@TB 10/18/2020 04:25PM ET,TB,5.2
,,,,,,,,,,TE,Dallas Goedert (15608129),Dallas Goedert,15608129,TE/FLEX,4300,BAL@PHI 10/18/2020 01:00PM ET,PHI,11.93
,,,,,,,,,,QB,P.J. Walker (15607576),P.J. Walker,15607576,QB,4300,CHI@CAR 10/18/2020 01:00PM ET,CAR,0
,,,,,,,,,,WR,Anthony Miller (15607895),Anthony Miller,15607895,WR/FLEX,4300,CHI@CAR 10/18/2020 01:00PM ET,CHI,8.4
,,,,,,,,,,WR,Curtis Samuel (15607897),Curtis Samuel,15607897,WR/FLEX,4300,CHI@CAR 10/18/2020 01:00PM ET,CAR,8.72
,,,,,,,,,,RB,Phillip Lindsay (15607651),Phillip Lindsay,15607651,RB/FLEX,4300,DEN@NE 10/18/2020 01:00PM ET,DEN,4.5
,,,,,,,,,,RB,J.K. Dobbins (15607653),J.K. Dobbins,15607653,RB/FLEX,4200,BAL@PHI 10/18/2020 01:00PM ET,BAL,8.18
,,,,,,,,,,WR,James Washington (15607901),James Washington,15607901,WR/FLEX,4200,CLE@PIT 10/18/2020 01:00PM ET,PIT,7.68
,,,,,,,,,,WR,Scotty Miller (15607899),Scotty Miller,15607899,WR/FLEX,4200,GB@TB 10/18/2020 04:25PM ET,TB,11.68
,,,,,,,,,,QB,Robert Griffin III (15607582),Robert Griffin III,15607582,QB,4100,BAL@PHI 10/18/2020 01:00PM ET,BAL,-0.18
,,,,,,,,,,WR,Greg Ward (15607907),Greg Ward,15607907,WR/FLEX,4100,BAL@PHI 10/18/2020 01:00PM ET,PHI,10.12
,,,,,,,,,,RB,Matt Breida (15607655),Matt Breida,15607655,RB/FLEX,4100,NYJ@MIA 10/18/2020 04:05PM ET,MIA,4.44
,,,,,,,,,,WR,Breshad Perriman (15607905),Breshad Perriman,15607905,WR/FLEX,4100,NYJ@MIA 10/18/2020 04:05PM ET,NYJ,3.95
,,,,,,,,,,QB,Ryan Finley (15607581),Ryan Finley,15607581,QB,4100,CIN@IND 10/18/2020 01:00PM ET,CIN,0
,,,,,,,,,,QB,Chase Daniel (15607580),Chase Daniel,15607580,QB,4100,DET@JAX 10/18/2020 01:00PM ET,DET,0
,,,,,,,,,,WR,Danny Amendola (15607903),Danny Amendola,15607903,WR/FLEX,4100,DET@JAX 10/18/2020 01:00PM ET,DET,6.92
,,,,,,,,,,QB,Colt McCoy (15607579),Colt McCoy,15607579,QB,4100,WAS@NYG 10/18/2020 01:00PM ET,NYG,0
,,,,,,,,,,QB,Logan Woodside (15607578),Logan Woodside,15607578,QB,4100,HOU@TEN 10/18/2020 01:00PM ET,TEN,0
,,,,,,,,,,TE,Eric Ebron (15608131),Eric Ebron,15608131,TE/FLEX,4100,CLE@PIT 10/18/2020 01:00PM ET,PIT,8.65
,,,,,,,,,,QB,Tim Boyle (15607577),Tim Boyle,15607577,QB,4100,GB@TB 10/18/2020 04:25PM ET,GB,-0.13
,,,,,,,,,,DST,Patriots  (15608282),Patriots ,15608282,DST,4100,DEN@NE 10/18/2020 01:00PM ET,NE,9
,,,,,,,,,,QB,Trace McSorley (15607589),Trace McSorley,15607589,QB,4000,BAL@PHI 10/18/2020 01:00PM ET,BAL,0
,,,,,,,,,,QB,Nate Sudfeld (15607590),Nate Sudfeld,15607590,QB,4000,BAL@PHI 10/18/2020 01:00PM ET,PHI,0
,,,,,,,,,,RB,Gus Edwards (15607791),Gus Edwards,15607791,RB/FLEX,4000,BAL@PHI 10/18/2020 01:00PM ET,BAL,3.84
,,,,,,,,,,RB,Justice Hill (15607793),Justice Hill,15607793,RB/FLEX,4000,BAL@PHI 10/18/2020 01:00PM ET,BAL,0
,,,,,,,,,,RB,Patrick Ricard (15607795),Patrick Ricard,15607795,RB/FLEX,4000,BAL@PHI 10/18/2020 01:00PM ET,BAL,1.92
,,,,,,,,,,RB,Boston Scott (15607797),Boston Scott,15607797,RB/FLEX,4000,BAL@PHI 10/18/2020 01:00PM ET,PHI,3.12
,,,,,,,,,,RB,Corey Clement (15607799),Corey Clement,15607799,RB/FLEX,4000,BAL@PHI 10/18/2020 01:00PM ET,PHI,1.3
,,,,,,,,,,RB,Jason Huntley (15607801),Jason Huntley,15607801,RB/FLEX,4000,BAL@PHI 10/18/2020 01:00PM ET,PHI,0.1
,,,,,,,,,,QB,James Morgan (15607588),James Morgan,15607588,QB,4000,NYJ@MIA 10/18/2020 04:05PM ET,NYJ,0
,,,,,,,,,,RB,Frank Gore (15607775),Frank Gore,15607775,RB/FLEX,4000,NYJ@MIA 10/18/2020 04:05PM ET,NYJ,4.7
,,,,,,,,,,RB,La'Mical Perine (15607777),La'Mical Perine,15607777,RB/FLEX,4000,NYJ@MIA 10/18/2020 04:05PM ET,NYJ,1.88
,,,,,,,,,,RB,Ty Johnson (15607779),Ty Johnson,15607779,RB/FLEX,4000,NYJ@MIA 10/18/2020 04:05PM ET,NYJ,0
,,,,,,,,,,RB,Patrick Laird (15607781),Patrick Laird,15607781,RB/FLEX,4000,NYJ@MIA 10/18/2020 04:05PM ET,MIA,0.97
,,,,,,,,,,RB,Jordan Howard (15607783),Jordan Howard,15607783,RB/FLEX,4000,NYJ@MIA 10/18/2020 04:05PM ET,MIA,5.02
,,,,,,,,,,RB,Malcolm Perry (15607785),Malcolm Perry,15607785,RB/FLEX,4000,NYJ@MIA 10/18/2020 04:05PM ET,MIA,0
,,,,,,,,,,RB,Salvon Ahmed (15607787),Salvon Ahmed,15607787,RB/FLEX,4000,NYJ@MIA 10/18/2020 04:05PM ET,MIA,0
,,,,,,,,,,RB,Chandler Cox (15607789),Chandler Cox,15607789,RB/FLEX,4000,NYJ@MIA 10/18/2020 04:05PM ET,MIA,0.58
,,,,,,,,,,QB,Jacob Eason (15607587),Jacob Eason,15607587,QB,4000,CIN@IND 10/18/2020 01:00PM ET,IND,0
,,,,,,,,,,RB,Nyheim Hines (15607763),Nyheim Hines,15607763,RB/FLEX,4000,CIN@IND 10/18/2020 01:00PM ET,IND,10
,,,,,,,,,,RB,Jordan Wilkins (15607765),Jordan Wilkins,15607765,RB/FLEX,4000,CIN@IND 10/18/2020 01:00PM ET,IND,2.74
,,,,,,,,,,RB,Marlon Mack (15607767),Marlon Mack,15607767,RB/FLEX,4000,CIN@IND 10/18/2020 01:00PM ET,IND,8.6
,,,,,,,,,,RB,Giovani Bernard (15607769),Giovani Bernard,15607769,RB/FLEX,4000,CIN@IND 10/18/2020 01:00PM ET,CIN,5.22
,,,,,,,,,,RB,Samaje Perine (15607771),Samaje Perine,15607771,RB/FLEX,4000,CIN@IND 10/18/2020 01:00PM ET,CIN,0
,,,,,,,,,,RB,Trayveon Williams (15607773),Trayveon Williams,15607773,RB/FLEX,4000,CIN@IND 10/18/2020 01:00PM ET,CIN,0
,,,,,,,,,,WR,Michael Pittman Jr. (15607911),Michael Pittman Jr.,15607911,WR/FLEX,4000,CIN@IND 10/18/2020 01:00PM ET,IND,5.43
,,,,,,,,,,TE,Mo Alie-Cox (15608133),Mo Alie-Cox,15608133,TE/FLEX,4000,CIN@IND 10/18/2020 01:00PM ET,IND,9.08
,,,,,,,,,,DST,Colts  (15608283),Colts ,15608283,DST,4000,CIN@IND 10/18/2020 01:00PM ET,IND,12.6
,,,,,,,,,,QB,Jake Luton (15607586),Jake Luton,15607586,QB,4000,DET@JAX 10/18/2020 01:00PM ET,JAX,0
,,,,,,,,,,RB,Chris Thompson (15607747),Chris Thompson,15607747,RB/FLEX,4000,DET@JAX 10/18/2020 01:00PM ET,JAX,6.06
,,,,,,,,,,RB,Dare Ogunbowale (15607749),Dare Ogunbowale,15607749,RB/FLEX,4000,DET@JAX 10/18/2020 01:00PM ET,JAX,0
,,,,,,,,,,RB,Ryquell Armstead (15607751),Ryquell Armstead,15607751,RB/FLEX,4000,DET@JAX 10/18/2020 01:00PM ET,JAX,0
,,,,,,,,,,RB,Devine Ozigbo (15607753),Devine Ozigbo,15607753,RB/FLEX,4000,DET@JAX 10/18/2020 01:00PM ET,JAX,0
,,,,,,,,,,RB,Bruce Miller (15607755),Bruce Miller,15607755,RB/FLEX,4000,DET@JAX 10/18/2020 01:00PM ET,JAX,0.3
,,,,,,,,,,RB,Kerryon Johnson (15607757),Kerryon Johnson,15607757,RB/FLEX,4000,DET@JAX 10/18/2020 01:00PM ET,DET,4.2
,,,,,,,,,,RB,Bo Scarbrough (15607759),Bo Scarbrough,15607759,RB/FLEX,4000,DET@JAX 10/18/2020 01:00PM ET,DET,0
,,,,,,,,,,RB,Jason Cabinda (15607761),Jason Cabinda,15607761,RB/FLEX,4000,DET@JAX 10/18/2020 01:00PM ET,DET,0.35
,,,,,,,,,,RB,Mike Boone (15607733),Mike Boone,15607733,RB/FLEX,4000,ATL@MIN 10/18/2020 01:00PM ET,MIN,0.38
,,,,,,,,,,RB,Ameer Abdullah (15607735),Ameer Abdullah,15607735,RB/FLEX,4000,ATL@MIN 10/18/2020 01:00PM ET,MIN,0
,,,,,,,,,,RB,C.J. Ham (15607737),C.J. Ham,15607737,RB/FLEX,4000,ATL@MIN 10/18/2020 01:00PM ET,MIN,0.54
,,,,,,,,,,RB,Brian Hill (15607739),Brian Hill,15607739,RB/FLEX,4000,ATL@MIN 10/18/2020 01:00PM ET,ATL,7.04
,,,,,,,,,,RB,Ito Smith (15607741),Ito Smith,15607741,RB/FLEX,4000,ATL@MIN 10/18/2020 01:00PM ET,ATL,2.38
,,,,,,,,,,RB,Qadree Ollison (15607743),Qadree Ollison,15607743,RB/FLEX,4000,ATL@MIN 10/18/2020 01:00PM ET,ATL,0
,,,,,,,,,,RB,Keith Smith (15607745),Keith Smith,15607745,RB/FLEX,4000,ATL@MIN 10/18/2020 01:00PM ET,ATL,0.82
,,,,,,,,,,RB,Peyton Barber (15607721),Peyton Barber,15607721,RB/FLEX,4000,WAS@NYG 10/18/2020 01:00PM ET,WAS,4.02
,,,,,,,,,,RB,Bryce Love (15607723),Bryce Love,15607723,RB/FLEX,4000,WAS@NYG 10/18/2020 01:00PM ET,WAS,0
,,,,,,,,,,RB,Wayne Gallman Jr. (15607725),Wayne Gallman Jr.,15607725,RB/FLEX,4000,WAS@NYG 10/18/2020 01:00PM ET,NYG,3.68
,,,,,,,,,,RB,Dion Lewis (15607727),Dion Lewis,15607727,RB/FLEX,4000,WAS@NYG 10/18/2020 01:00PM ET,NYG,4.72
,,,,,,,,,,RB,Saquon Barkley (15607729),Saquon Barkley,15607729,RB/FLEX,4000,WAS@NYG 10/18/2020 01:00PM ET,NYG,7.7
,,,,,,,,,,RB,Elijhaa Penny (15607731),Elijhaa Penny,15607731,RB/FLEX,4000,WAS@NYG 10/18/2020 01:00PM ET,NYG,0.06
,,,,,,,,,,RB,Trenton Cannon (15607711),Trenton Cannon,15607711,RB/FLEX,4000,CHI@CAR 10/18/2020 01:00PM ET,CAR,-0.03
,,,,,,,,,,RB,Alex Armah (15607713),Alex Armah,15607713,RB/FLEX,4000,CHI@CAR 10/18/2020 01:00PM ET,CAR,0.58
,,,,,,,,,,RB,Ryan Nall (15607715),Ryan Nall,15607715,RB/FLEX,4000,CHI@CAR 10/18/2020 01:00PM ET,CHI,0.24
,,,,,,,,,,RB,Artavis Pierce (15607717),Artavis Pierce,15607717,RB/FLEX,4000,CHI@CAR 10/18/2020 01:00PM ET,CHI,0
,,,,,,,,,,RB,Tarik Cohen (15607719),Tarik Cohen,15607719,RB/FLEX,4000,CHI@CAR 10/18/2020 01:00PM ET,CHI,5.83
,,,,,,,,,,RB,Darrynton Evans (15607695),Darrynton Evans,15607695,RB/FLEX,4000,HOU@TEN 10/18/2020 01:00PM ET,TEN,1.05
,,,,,,,,,,RB,Jeremy McNichols (15607697),Jeremy McNichols,15607697,RB/FLEX,4000,HOU@TEN 10/18/2020 01:00PM ET,TEN,1.58
,,,,,,,,,,RB,Senorise Perry (15607699),Senorise Perry,15607699,RB/FLEX,4000,HOU@TEN 10/18/2020 01:00PM ET,TEN,0.45
,,,,,,,,,,RB,Duke Johnson (15607701),Duke Johnson,15607701,RB/FLEX,4000,HOU@TEN 10/18/2020 01:00PM ET,HOU,3.93
,,,,,,,,,,RB,C.J. Prosise (15607703),C.J. Prosise,15607703,RB/FLEX,4000,HOU@TEN 10/18/2020 01:00PM ET,HOU,0.03
,,,,,,,,,,RB,Buddy Howell (15607705),Buddy Howell,15607705,RB/FLEX,4000,HOU@TEN 10/18/2020 01:00PM ET,HOU,0
,,,,,,,,,,RB,Scottie Phillips (15607707),Scottie Phillips,15607707,RB/FLEX,4000,HOU@TEN 10/18/2020 01:00PM ET,HOU,0
,,,,,,,,,,RB,Cullen Gillaspia (15607709),Cullen Gillaspia,15607709,RB/FLEX,4000,HOU@TEN 10/18/2020 01:00PM ET,HOU,0.8
,,,,,,,,,,WR,Adam Humphries (15607909),Adam Humphries,15607909,WR/FLEX,4000,HOU@TEN 10/18/2020 01:00PM ET,TEN,11.53
,,,,,,,,,,QB,Josh Dobbs (15607585),Josh Dobbs,15607585,QB,4000,CLE@PIT 10/18/2020 01:00PM ET,PIT,0
,,,,,,,,,,RB,Benny Snell Jr. (15607681),Benny Snell Jr.,15607681,RB/FLEX,4000,CLE@PIT 10/18/2020 01:00PM ET,PIT,4.35
,,,,,,,,,,RB,Anthony McFarland Jr. (15607683),Anthony McFarland Jr.,15607683,RB/FLEX,4000,CLE@PIT 10/18/2020 01:00PM ET,PIT,3.25
,,,,,,,,,,RB,Jaylen Samuels (15607685),Jaylen Samuels,15607685,RB/FLEX,4000,CLE@PIT 10/18/2020 01:00PM ET,PIT,0.93
,,,,,,,,,,RB,Derek Watt (15607687),Derek Watt,15607687,RB/FLEX,4000,CLE@PIT 10/18/2020 01:00PM ET,PIT,0
,,,,,,,,,,RB,D'Ernest Johnson (15607689),D'Ernest Johnson,15607689,RB/FLEX,4000,CLE@PIT 10/18/2020 01:00PM ET,CLE,2.92
,,,,,,,,,,RB,Dontrell Hilliard (15607691),Dontrell Hilliard,15607691,RB/FLEX,4000,CLE@PIT 10/18/2020 01:00PM ET,CLE,3.1
,,,,,,,,,,RB,Andy Janovich (15607693),Andy Janovich,15607693,RB/FLEX,4000,CLE@PIT 10/18/2020 01:00PM ET,CLE,0.74
,,,,,,,,,,QB,Ryan Griffin (15607583),Ryan Griffin,15607583,QB,4000,GB@TB 10/18/2020 04:25PM ET,TB,0
,,,,,,,,,,QB,Jordan Love (15607584),Jordan Love,15607584,QB,4000,GB@TB 10/18/2020 04:25PM ET,GB,0
,,,,,,,,,,RB,LeSean McCoy (15607667),LeSean McCoy,15607667,RB/FLEX,4000,GB@TB 10/18/2020 04:25PM ET,TB,3.58
,,,,,,,,,,RB,Ke'Shawn Vaughn (15607669),Ke'Shawn Vaughn,15607669,RB/FLEX,4000,GB@TB 10/18/2020 04:25PM ET,TB,4.03
,,,,,,,,,,RB,T.J. Logan (15607671),T.J. Logan,15607671,RB/FLEX,4000,GB@TB 10/18/2020 04:25PM ET,TB,0
,,,,,,,,,,RB,Jamaal Williams (15607673),Jamaal Williams,15607673,RB/FLEX,4000,GB@TB 10/18/2020 04:25PM ET,GB,9.42
,,,,,,,,,,RB,AJ Dillon (15607675),AJ Dillon,15607675,RB/FLEX,4000,GB@TB 10/18/2020 04:25PM ET,GB,0.85
,,,,,,,,,,RB,Tyler Ervin (15607677),Tyler Ervin,15607677,RB/FLEX,4000,GB@TB 10/18/2020 04:25PM ET,GB,2.98
,,,,,,,,,,RB,Patrick Taylor (15607679),Patrick Taylor,15607679,RB/FLEX,4000,GB@TB 10/18/2020 04:25PM ET,GB,0
,,,,,,,,,,RB,Sony Michel (15607657),Sony Michel,15607657,RB/FLEX,4000,DEN@NE 10/18/2020 01:00PM ET,NE,10.2
,,,,,,,,,,RB,J.J. Taylor (15607659),J.J. Taylor,15607659,RB/FLEX,4000,DEN@NE 10/18/2020 01:00PM ET,NE,2.8
,,,,,,,,,,RB,Jakob Johnson (15607661),Jakob Johnson,15607661,RB/FLEX,4000,DEN@NE 10/18/2020 01:00PM ET,NE,2.18
,,,,,,,,,,RB,Royce Freeman (15607663),Royce Freeman,15607663,RB/FLEX,4000,DEN@NE 10/18/2020 01:00PM ET,DEN,3.22
,,,,,,,,,,RB,LeVante Bellamy (15607665),LeVante Bellamy,15607665,RB/FLEX,4000,DEN@NE 10/18/2020 01:00PM ET,DEN,0
,,,,,,,,,,WR,DeSean Jackson (15607915),DeSean Jackson,15607915,WR/FLEX,3900,BAL@PHI 10/18/2020 01:00PM ET,PHI,7.37
,,,,,,,,,,WR,A.J. Green (15607913),A.J. Green,15607913,WR/FLEX,3900,CIN@IND 10/18/2020 01:00PM ET,CIN,5.18
,,,,,,,,,,TE,Austin Hooper (15608135),Austin Hooper,15608135,TE/FLEX,3900,CLE@PIT 10/18/2020 01:00PM ET,CLE,7.66
,,,,,,,,,,WR,Miles Boykin (15607919),Miles Boykin,15607919,WR/FLEX,3800,BAL@PHI 10/18/2020 01:00PM ET,BAL,4.22
,,,,,,,,,,WR,Parris Campbell (15607917),Parris Campbell,15607917,WR/FLEX,3800,CIN@IND 10/18/2020 01:00PM ET,IND,7.35
,,,,,,,,,,TE,Darren Fells (15608137),Darren Fells,15608137,TE/FLEX,3800,HOU@TEN 10/18/2020 01:00PM ET,HOU,6.4
,,,,,,,,,,WR,Jalen Reagor (15607925),Jalen Reagor,15607925,WR/FLEX,3700,BAL@PHI 10/18/2020 01:00PM ET,PHI,7.3
,,,,,,,,,,TE,Kyle Rudolph (15608139),Kyle Rudolph,15608139,TE/FLEX,3700,ATL@MIN 10/18/2020 01:00PM ET,MIN,4.12
,,,,,,,,,,WR,Equanimeous St. Brown (15607923),Equanimeous St. Brown,15607923,WR/FLEX,3700,GB@TB 10/18/2020 04:25PM ET,GB,0
,,,,,,,,,,DST,Packers  (15608284),Packers ,15608284,DST,3700,GB@TB 10/18/2020 04:25PM ET,GB,6.25
,,,,,,,,,,WR,KJ Hamler (15607921),KJ Hamler,15607921,WR/FLEX,3700,DEN@NE 10/18/2020 01:00PM ET,DEN,4.83
,,,,,,,,,,WR,Chris Conley (15607929),Chris Conley,15607929,WR/FLEX,3600,DET@JAX 10/18/2020 01:00PM ET,JAX,6.4
,,,,,,,,,,WR,Dontrelle Inman (15607927),Dontrelle Inman,15607927,WR/FLEX,3600,WAS@NYG 10/18/2020 01:00PM ET,WAS,6.86
,,,,,,,,,,TE,David Njoku (15608141),David Njoku,15608141,TE/FLEX,3600,CLE@PIT 10/18/2020 01:00PM ET,CLE,7.8
,,,,,,,,,,DST,Steelers  (15608285),Steelers ,15608285,DST,3600,CLE@PIT 10/18/2020 01:00PM ET,PIT,9
,,,,,,,,,,WR,Willie Snead IV (15607933),Willie Snead IV,15607933,WR/FLEX,3500,BAL@PHI 10/18/2020 01:00PM ET,BAL,5.54
,,,,,,,,,,WR,Isaiah Ford (15607931),Isaiah Ford,15607931,WR/FLEX,3500,NYJ@MIA 10/18/2020 04:05PM ET,MIA,6.88
,,,,,,,,,,TE,Cameron Brate (15608143),Cameron Brate,15608143,TE/FLEX,3500,GB@TB 10/18/2020 04:25PM ET,TB,3.34
,,,,,,,,,,WR,Damiere Byrd (15607935),Damiere Byrd,15607935,WR/FLEX,3500,DEN@NE 10/18/2020 01:00PM ET,NE,7.98
,,,,,,,,,,DST,Broncos  (15608286),Broncos ,15608286,DST,3500,DEN@NE 10/18/2020 01:00PM ET,DEN,4.75
,,,,,,,,,,WR,Braxton Berrios (15607943),Braxton Berrios,15607943,WR/FLEX,3400,NYJ@MIA 10/18/2020 04:05PM ET,NYJ,7.12
,,,,,,,,,,TE,Drew Sample (15608147),Drew Sample,15608147,TE/FLEX,3400,CIN@IND 10/18/2020 01:00PM ET,CIN,5.24
,,,,,,,,,,TE,Tyler Eifert (15608145),Tyler Eifert,15608145,TE/FLEX,3400,DET@JAX 10/18/2020 01:00PM ET,JAX,5.26
,,,,,,,,,,WR,Steven Sims Jr. (15607941),Steven Sims Jr.,15607941,WR/FLEX,3400,WAS@NYG 10/18/2020 01:00PM ET,WAS,5.1
,,,,,,,,,,DST,Bears  (15608287),Bears ,15608287,DST,3400,CHI@CAR 10/18/2020 01:00PM ET,CHI,5.4
,,,,,,,,,,WR,Kenny Stills (15607939),Kenny Stills,15607939,WR/FLEX,3400,HOU@TEN 10/18/2020 01:00PM ET,HOU,4.88
,,,,,,,,,,WR,Tyler Johnson (15607937),Tyler Johnson,15607937,WR/FLEX,3400,GB@TB 10/18/2020 04:25PM ET,TB,3.37
,,,,,,,,,,TE,Logan Thomas (15608151),Logan Thomas,15608151,TE/FLEX,3300,WAS@NYG 10/18/2020 01:00PM ET,WAS,6.12
,,,,,,,,,,DST,WAS Football Team  (15608288),WAS Football Team ,15608288,DST,3300,WAS@NYG 10/18/2020 01:00PM ET,WAS,5.2
,,,,,,,,,,TE,Jordan Akins (15608149),Jordan Akins,15608149,TE/FLEX,3300,HOU@TEN 10/18/2020 01:00PM ET,HOU,9.2
,,,,,,,,,,TE,Chris Herndon (15608153),Chris Herndon,15608153,TE/FLEX,3200,NYJ@MIA 10/18/2020 04:05PM ET,NYJ,4.36
,,,,,,,,,,WR,Olamide Zaccheaus (15607949),Olamide Zaccheaus,15607949,WR/FLEX,3200,ATL@MIN 10/18/2020 01:00PM ET,ATL,5.8
,,,,,,,,,,DST,Giants  (15608289),Giants ,15608289,DST,3200,WAS@NYG 10/18/2020 01:00PM ET,NYG,5.4
,,,,,,,,,,WR,Cordarrelle Patterson (15607947),Cordarrelle Patterson,15607947,WR/FLEX,3200,CHI@CAR 10/18/2020 01:00PM ET,CHI,3.94
,,,,,,,,,,WR,Kalif Raymond (15607945),Kalif Raymond,15607945,WR/FLEX,3200,HOU@TEN 10/18/2020 01:00PM ET,TEN,5.52
,,,,,,,,,,TE,Trey Burton (15608155),Trey Burton,15608155,TE/FLEX,3100,CIN@IND 10/18/2020 01:00PM ET,IND,5.95
,,,,,,,,,,DST,Buccaneers  (15608290),Buccaneers ,15608290,DST,3100,GB@TB 10/18/2020 04:25PM ET,TB,8.8
,,,,,,,,,,TE,Nick Vannett (15608157),Nick Vannett,15608157,TE/FLEX,3100,DEN@NE 10/18/2020 01:00PM ET,DEN,0.7
,,,,,,,,,,WR,Chris Moore (15608091),Chris Moore,15608091,WR/FLEX,3000,BAL@PHI 10/18/2020 01:00PM ET,BAL,0
,,,,,,,,,,WR,Devin Duvernay (15608093),Devin Duvernay,15608093,WR/FLEX,3000,BAL@PHI 10/18/2020 01:00PM ET,BAL,4.62
,,,,,,,,,,WR,James Proche (15608095),James Proche,15608095,WR/FLEX,3000,BAL@PHI 10/18/2020 01:00PM ET,BAL,0
,,,,,,,,,,WR,Antoine Wesley (15608097),Antoine Wesley,15608097,WR/FLEX,3000,BAL@PHI 10/18/2020 01:00PM ET,BAL,0
,,,,,,,,,,WR,DeAndrew White (15608099),DeAndrew White,15608099,WR/FLEX,3000,BAL@PHI 10/18/2020 01:00PM ET,BAL,0
,,,,,,,,,,WR,John Hightower (15608101),John Hightower,15608101,WR/FLEX,3000,BAL@PHI 10/18/2020 01:00PM ET,PHI,2.94
,,,,,,,,,,WR,JJ Arcega-Whiteside (15608103),JJ Arcega-Whiteside,15608103,WR/FLEX,3000,BAL@PHI 10/18/2020 01:00PM ET,PHI,1.18
,,,,,,,,,,WR,Quez Watkins (15608105),Quez Watkins,15608105,WR/FLEX,3000,BAL@PHI 10/18/2020 01:00PM ET,PHI,0
,,,,,,,,,,WR,Chris Hogan (15608075),Chris Hogan,15608075,WR/FLEX,3000,NYJ@MIA 10/18/2020 04:05PM ET,NYJ,5.16
,,,,,,,,,,WR,Jeff Smith (15608077),Jeff Smith,15608077,WR/FLEX,3000,NYJ@MIA 10/18/2020 04:05PM ET,NYJ,10.2
,,,,,,,,,,WR,Vyncint Smith (15608079),Vyncint Smith,15608079,WR/FLEX,3000,NYJ@MIA 10/18/2020 04:05PM ET,NYJ,0
,,,,,,,,,,WR,Denzel Mims (15608081),Denzel Mims,15608081,WR/FLEX,3000,NYJ@MIA 10/18/2020 04:05PM ET,NYJ,0
,,,,,,,,,,WR,Josh Malone (15608083),Josh Malone,15608083,WR/FLEX,3000,NYJ@MIA 10/18/2020 04:05PM ET,NYJ,1.7
,,,,,,,,,,WR,Lynn Bowden Jr. (15608085),Lynn Bowden Jr.,15608085,WR/FLEX,3000,NYJ@MIA 10/18/2020 04:05PM ET,MIA,0.6
,,,,,,,,,,WR,Jakeem Grant (15608087),Jakeem Grant,15608087,WR/FLEX,3000,NYJ@MIA 10/18/2020 04:05PM ET,MIA,3.9
,,,,,,,,,,WR,Mack Hollins (15608089),Mack Hollins,15608089,WR/FLEX,3000,NYJ@MIA 10/18/2020 04:05PM ET,MIA,0
,,,,,,,,,,TE,Ryan Griffin (15608161),Ryan Griffin,15608161,TE/FLEX,3000,NYJ@MIA 10/18/2020 04:05PM ET,NYJ,1
,,,,,,,,,,WR,Reece Fountain (15608061),Reece Fountain,15608061,WR/FLEX,3000,CIN@IND 10/18/2020 01:00PM ET,IND,1.43
,,,,,,,,,,WR,Ashton Dulin (15608063),Ashton Dulin,15608063,WR/FLEX,3000,CIN@IND 10/18/2020 01:00PM ET,IND,1.26
,,,,,,,,,,WR,Dezmon Patmon (15608065),Dezmon Patmon,15608065,WR/FLEX,3000,CIN@IND 10/18/2020 01:00PM ET,IND,0
,,,,,,,,,,WR,Mike Thomas (15608067),Mike Thomas,15608067,WR/FLEX,3000,CIN@IND 10/18/2020 01:00PM ET,CIN,4.38
,,,,,,,,,,WR,Auden Tate (15608069),Auden Tate,15608069,WR/FLEX,3000,CIN@IND 10/18/2020 01:00PM ET,CIN,2.4
,,,,,,,,,,WR,Alex Erickson (15608071),Alex Erickson,15608071,WR/FLEX,3000,CIN@IND 10/18/2020 01:00PM ET,CIN,0.52
,,,,,,,,,,WR,John Ross III (15608073),John Ross III,15608073,WR/FLEX,3000,CIN@IND 10/18/2020 01:00PM ET,CIN,1.85
,,,,,,,,,,WR,Collin Johnson (15608051),Collin Johnson,15608051,WR/FLEX,3000,DET@JAX 10/18/2020 01:00PM ET,JAX,3.14
,,,,,,,,,,WR,Dede Westbrook (15608053),Dede Westbrook,15608053,WR/FLEX,3000,DET@JAX 10/18/2020 01:00PM ET,JAX,1.4
,,,,,,,,,,WR,Quintez Cephus (15608055),Quintez Cephus,15608055,WR/FLEX,3000,DET@JAX 10/18/2020 01:00PM ET,DET,3.92
,,,,,,,,,,WR,Marvin Hall (15608057),Marvin Hall,15608057,WR/FLEX,3000,DET@JAX 10/18/2020 01:00PM ET,DET,3.25
,,,,,,,,,,WR,Jamal Agnew (15608059),Jamal Agnew,15608059,WR/FLEX,3000,DET@JAX 10/18/2020 01:00PM ET,DET,1.62
,,,,,,,,,,TE,James O'Shaughnessy (15608159),James O'Shaughnessy,15608159,TE/FLEX,3000,DET@JAX 10/18/2020 01:00PM ET,JAX,4.7
,,,,,,,,,,DST,Lions  (15608291),Lions ,15608291,DST,3000,DET@JAX 10/18/2020 01:00PM ET,DET,1.25
,,,,,,,,,,WR,Chad Beebe (15608037),Chad Beebe,15608037,WR/FLEX,3000,ATL@MIN 10/18/2020 01:00PM ET,MIN,1.27
,,,,,,,,,,WR,Olabisi Johnson (15608039),Olabisi Johnson,15608039,WR/FLEX,3000,ATL@MIN 10/18/2020 01:00PM ET,MIN,2.86
,,,,,,,,,,WR,Tajae Sharpe (15608041),Tajae Sharpe,15608041,WR/FLEX,3000,ATL@MIN 10/18/2020 01:00PM ET,MIN,0
,,,,,,,,,,WR,Dan Chisena (15608043),Dan Chisena,15608043,WR/FLEX,3000,ATL@MIN 10/18/2020 01:00PM ET,MIN,0
,,,,,,,,,,WR,K.J. Osborn (15608045),K.J. Osborn,15608045,WR/FLEX,3000,ATL@MIN 10/18/2020 01:00PM ET,MIN,0
,,,,,,,,,,WR,Christian Blake (15608047),Christian Blake,15608047,WR/FLEX,3000,ATL@MIN 10/18/2020 01:00PM ET,ATL,1.54
,,,,,,,,,,WR,Brandon Powell (15608049),Brandon Powell,15608049,WR/FLEX,3000,ATL@MIN 10/18/2020 01:00PM ET,ATL,1.14
,,,,,,,,,,WR,Isaiah Wright (15608019),Isaiah Wright,15608019,WR/FLEX,3000,WAS@NYG 10/18/2020 01:00PM ET,WAS,3.8
,,,,,,,,,,WR,Antonio Gandy-Golden (15608021),Antonio Gandy-Golden,15608021,WR/FLEX,3000,WAS@NYG 10/18/2020 01:00PM ET,WAS,0.88
,,,,,,,,,,WR,Cam Sims (15608023),Cam Sims,15608023,WR/FLEX,3000,WAS@NYG 10/18/2020 01:00PM ET,WAS,0.74
,,,,,,,,,,WR,Kelvin Harmon (15608025),Kelvin Harmon,15608025,WR/FLEX,3000,WAS@NYG 10/18/2020 01:00PM ET,WAS,0
,,,,,,,,,,WR,Emanuel Hall (15608027),Emanuel Hall,15608027,WR/FLEX,3000,WAS@NYG 10/18/2020 01:00PM ET,WAS,0
,,,,,,,,,,WR,C.J. Board (15608029),C.J. Board,15608029,WR/FLEX,3000,WAS@NYG 10/18/2020 01:00PM ET,NYG,2.42
,,,,,,,,,,WR,Damion Ratley (15608031),Damion Ratley,15608031,WR/FLEX,3000,WAS@NYG 10/18/2020 01:00PM ET,NYG,2.06
,,,,,,,,,,WR,David Sills (15608033),David Sills,15608033,WR/FLEX,3000,WAS@NYG 10/18/2020 01:00PM ET,NYG,0
,,,,,,,,,,WR,Cody Core (15608035),Cody Core,15608035,WR/FLEX,3000,WAS@NYG 10/18/2020 01:00PM ET,NYG,0
,,,,,,,,,,WR,Seth Roberts (15608001),Seth Roberts,15608001,WR/FLEX,3000,CHI@CAR 10/18/2020 01:00PM ET,CAR,1.78
,,,,,,,,,,WR,Pharoh Cooper (15608003),Pharoh Cooper,15608003,WR/FLEX,3000,CHI@CAR 10/18/2020 01:00PM ET,CAR,0.44
,,,,,,,,,,WR,Brandon Zylstra (15608005),Brandon Zylstra,15608005,WR/FLEX,3000,CHI@CAR 10/18/2020 01:00PM ET,CAR,0
,,,,,,,,,,WR,Keith Kirkwood (15608007),Keith Kirkwood,15608007,WR/FLEX,3000,CHI@CAR 10/18/2020 01:00PM ET,CAR,0
,,,,,,,,,,WR,Omar Bayless (15608009),Omar Bayless,15608009,WR/FLEX,3000,CHI@CAR 10/18/2020 01:00PM ET,CAR,0
,,,,,,,,,,WR,Darnell Mooney (15608011),Darnell Mooney,15608011,WR/FLEX,3000,CHI@CAR 10/18/2020 01:00PM ET,CHI,7.34
,,,,,,,,,,WR,Javon Wims (15608013),Javon Wims,15608013,WR/FLEX,3000,CHI@CAR 10/18/2020 01:00PM ET,CHI,2.16
,,,,,,,,,,WR,Ted Ginn Jr. (15608015),Ted Ginn Jr.,15608015,WR/FLEX,3000,CHI@CAR 10/18/2020 01:00PM ET,CHI,1.75
,,,,,,,,,,WR,Riley Ridley (15608017),Riley Ridley,15608017,WR/FLEX,3000,CHI@CAR 10/18/2020 01:00PM ET,CHI,0
,,,,,,,,,,WR,Nick Westbrook-Ikhine (15607993),Nick Westbrook-Ikhine,15607993,WR/FLEX,3000,HOU@TEN 10/18/2020 01:00PM ET,TEN,0.57
,,,,,,,,,,WR,DeAndre Carter (15607995),DeAndre Carter,15607995,WR/FLEX,3000,HOU@TEN 10/18/2020 01:00PM ET,HOU,0.16
,,,,,,,,,,WR,Keke Coutee (15607997),Keke Coutee,15607997,WR/FLEX,3000,HOU@TEN 10/18/2020 01:00PM ET,HOU,2.1
,,,,,,,,,,WR,Isaiah Coulter (15607999),Isaiah Coulter,15607999,WR/FLEX,3000,HOU@TEN 10/18/2020 01:00PM ET,HOU,0
,,,,,,,,,,WR,Ray-Ray McCloud III (15607981),Ray-Ray McCloud III,15607981,WR/FLEX,3000,CLE@PIT 10/18/2020 01:00PM ET,PIT,2.62
,,,,,,,,,,WR,Rashard Higgins (15607983),Rashard Higgins,15607983,WR/FLEX,3000,CLE@PIT 10/18/2020 01:00PM ET,CLE,4.67
,,,,,,,,,,WR,Donovan Peoples-Jones (15607985),Donovan Peoples-Jones,15607985,WR/FLEX,3000,CLE@PIT 10/18/2020 01:00PM ET,CLE,0
,,,,,,,,,,WR,Taywan Taylor (15607987),Taywan Taylor,15607987,WR/FLEX,3000,CLE@PIT 10/18/2020 01:00PM ET,CLE,0
,,,,,,,,,,WR,KhaDarel Hodge (15607989),KhaDarel Hodge,15607989,WR/FLEX,3000,CLE@PIT 10/18/2020 01:00PM ET,CLE,2.7
,,,,,,,,,,WR,JoJo Natson (15607991),JoJo Natson,15607991,WR/FLEX,3000,CLE@PIT 10/18/2020 01:00PM ET,CLE,0.1
,,,,,,,,,,WR,Justin Watson (15607967),Justin Watson,15607967,WR/FLEX,3000,GB@TB 10/18/2020 04:25PM ET,TB,5.47
,,,,,,,,,,WR,Jaydon Mickens (15607969),Jaydon Mickens,15607969,WR/FLEX,3000,GB@TB 10/18/2020 04:25PM ET,TB,0.84
,,,,,,,,,,WR,Cyril Grayson (15607971),Cyril Grayson,15607971,WR/FLEX,3000,GB@TB 10/18/2020 04:25PM ET,TB,0
,,,,,,,,,,WR,John Hurst (15607973),John Hurst,15607973,WR/FLEX,3000,GB@TB 10/18/2020 04:25PM ET,TB,0
,,,,,,,,,,WR,John Franklin III (15607975),John Franklin III,15607975,WR/FLEX,3000,GB@TB 10/18/2020 04:25PM ET,TB,0
,,,,,,,,,,WR,Malik Taylor (15607977),Malik Taylor,15607977,WR/FLEX,3000,GB@TB 10/18/2020 04:25PM ET,GB,0.75
,,,,,,,,,,WR,Darrius Shepherd (15607979),Darrius Shepherd,15607979,WR/FLEX,3000,GB@TB 10/18/2020 04:25PM ET,GB,2.05
,,,,,,,,,,WR,Gunner Olszewski (15607951),Gunner Olszewski,15607951,WR/FLEX,3000,DEN@NE 10/18/2020 01:00PM ET,NE,2.1
,,,,,,,,,,WR,Jakobi Meyers (15607953),Jakobi Meyers,15607953,WR/FLEX,3000,DEN@NE 10/18/2020 01:00PM ET,NE,0.57
,,,,,,,,,,WR,Matthew Slater (15607955),Matthew Slater,15607955,WR/FLEX,3000,DEN@NE 10/18/2020 01:00PM ET,NE,0
,,,,,,,,,,WR,Quincy Adeboyejo (15607957),Quincy Adeboyejo,15607957,WR/FLEX,3000,DEN@NE 10/18/2020 01:00PM ET,NE,0
,,,,,,,,,,WR,DaeSean Hamilton (15607959),DaeSean Hamilton,15607959,WR/FLEX,3000,DEN@NE 10/18/2020 01:00PM ET,DEN,1.55
,,,,,,,,,,WR,Diontae Spencer (15607961),Diontae Spencer,15607961,WR/FLEX,3000,DEN@NE 10/18/2020 01:00PM ET,DEN,0.42
,,,,,,,,,,WR,Tyrie Cleveland (15607963),Tyrie Cleveland,15607963,WR/FLEX,3000,DEN@NE 10/18/2020 01:00PM ET,DEN,0.57
,,,,,,,,,,WR,Courtland Sutton (15607965),Courtland Sutton,15607965,WR/FLEX,3000,DEN@NE 10/18/2020 01:00PM ET,DEN,9.6
,,,,,,,,,,TE,Jake Butt (15608163),Jake Butt,15608163,TE/FLEX,3000,DEN@NE 10/18/2020 01:00PM ET,DEN,0.62
,,,,,,,,,,DST,Dolphins  (15608293),Dolphins ,15608293,DST,2900,NYJ@MIA 10/18/2020 04:05PM ET,MIA,6.6
,,,,,,,,,,TE,Ian Thomas (15608165),Ian Thomas,15608165,TE/FLEX,2900,CHI@CAR 10/18/2020 01:00PM ET,CAR,2.8
,,,,,,,,,,DST,Panthers  (15608292),Panthers ,15608292,DST,2900,CHI@CAR 10/18/2020 01:00PM ET,CAR,4.2
,,,,,,,,,,DST,Jaguars  (15608295),Jaguars ,15608295,DST,2800,DET@JAX 10/18/2020 01:00PM ET,JAX,2.4
,,,,,,,,,,DST,Titans  (15608294),Titans ,15608294,DST,2800,HOU@TEN 10/18/2020 01:00PM ET,TEN,5.75
,,,,,,,,,,TE,Marcedes Lewis (15608167),Marcedes Lewis,15608167,TE/FLEX,2800,GB@TB 10/18/2020 04:25PM ET,GB,3.4
,,,,,,,,,,TE,Nick Boyle (15608177),Nick Boyle,15608177,TE/FLEX,2700,BAL@PHI 10/18/2020 01:00PM ET,BAL,3
,,,,,,,,,,TE,Jack Doyle (15608175),Jack Doyle,15608175,TE/FLEX,2700,CIN@IND 10/18/2020 01:00PM ET,IND,2.52
,,,,,,,,,,TE,Josh Oliver (15608173),Josh Oliver,15608173,TE/FLEX,2700,DET@JAX 10/18/2020 01:00PM ET,JAX,0
,,,,,,,,,,DST,Texans  (15608297),Texans ,15608297,DST,2700,HOU@TEN 10/18/2020 01:00PM ET,HOU,3.2
,,,,,,,,,,TE,Vance McDonald (15608171),Vance McDonald,15608171,TE/FLEX,2700,CLE@PIT 10/18/2020 01:00PM ET,PIT,2.62
,,,,,,,,,,DST,Browns  (15608296),Browns ,15608296,DST,2700,CLE@PIT 10/18/2020 01:00PM ET,CLE,7.2
,,,,,,,,,,TE,Ryan Izzo (15608169),Ryan Izzo,15608169,TE/FLEX,2700,DEN@NE 10/18/2020 01:00PM ET,NE,1.85
,,,,,,,,,,DST,Eagles  (15608298),Eagles ,15608298,DST,2600,BAL@PHI 10/18/2020 01:00PM ET,PHI,5.8
,,,,,,,,,,TE,Kaden Smith (15608179),Kaden Smith,15608179,TE/FLEX,2600,WAS@NYG 10/18/2020 01:00PM ET,NYG,2.32
,,,,,,,,,,TE,Richard Rodgers (15608275),Richard Rodgers,15608275,TE/FLEX,2500,BAL@PHI 10/18/2020 01:00PM ET,PHI,2.56
,,,,,,,,,,TE,Hakeem Butler (15608277),Hakeem Butler,15608277,TE/FLEX,2500,BAL@PHI 10/18/2020 01:00PM ET,PHI,0
,,,,,,,,,,TE,Joshua Perkins (15608279),Joshua Perkins,15608279,TE/FLEX,2500,BAL@PHI 10/18/2020 01:00PM ET,PHI,0
,,,,,,,,,,TE,Trevon Wesco (15608267),Trevon Wesco,15608267,TE/FLEX,2500,NYJ@MIA 10/18/2020 04:05PM ET,NYJ,0.3
,,,,,,,,,,TE,Daniel Brown (15608269),Daniel Brown,15608269,TE/FLEX,2500,NYJ@MIA 10/18/2020 04:05PM ET,NYJ,0
,,,,,,,,,,TE,Durham Smythe (15608271),Durham Smythe,15608271,TE/FLEX,2500,NYJ@MIA 10/18/2020 04:05PM ET,MIA,1.68
,,,,,,,,,,TE,Adam Shaheen (15608273),Adam Shaheen,15608273,TE/FLEX,2500,NYJ@MIA 10/18/2020 04:05PM ET,MIA,1.74
,,,,,,,,,,TE,Noah Togiai (15608257),Noah Togiai,15608257,TE/FLEX,2500,CIN@IND 10/18/2020 01:00PM ET,IND,0
,,,,,,,,,,TE,Cethan Carter (15608259),Cethan Carter,15608259,TE/FLEX,2500,CIN@IND 10/18/2020 01:00PM ET,CIN,0.9
,,,,,,,,,,TE,Mason Schreck (15608261),Mason Schreck,15608261,TE/FLEX,2500,CIN@IND 10/18/2020 01:00PM ET,CIN,0
,,,,,,,,,,TE,C.J. Uzomah (15608263),C.J. Uzomah,15608263,TE/FLEX,2500,CIN@IND 10/18/2020 01:00PM ET,CIN,11.35
,,,,,,,,,,TE,Clark Harris (15608265),Clark Harris,15608265,TE/FLEX,2500,CIN@IND 10/18/2020 01:00PM ET,CIN,0
,,,,,,,,,,TE,Tyler Davis (15608251),Tyler Davis,15608251,TE/FLEX,2500,DET@JAX 10/18/2020 01:00PM ET,JAX,0
,,,,,,,,,,TE,Jesse James (15608253),Jesse James,15608253,TE/FLEX,2500,DET@JAX 10/18/2020 01:00PM ET,DET,3.98
,,,,,,,,,,TE,Hunter Bryant (15608255),Hunter Bryant,15608255,TE/FLEX,2500,DET@JAX 10/18/2020 01:00PM ET,DET,0
,,,,,,,,,,TE,Irv Smith Jr. (15608243),Irv Smith Jr.,15608243,TE/FLEX,2500,ATL@MIN 10/18/2020 01:00PM ET,MIN,2.76
,,,,,,,,,,TE,Tyler Conklin (15608245),Tyler Conklin,15608245,TE/FLEX,2500,ATL@MIN 10/18/2020 01:00PM ET,MIN,0
,,,,,,,,,,TE,Luke Stocker (15608247),Luke Stocker,15608247,TE/FLEX,2500,ATL@MIN 10/18/2020 01:00PM ET,ATL,0.56
,,,,,,,,,,TE,Jaeden Graham (15608249),Jaeden Graham,15608249,TE/FLEX,2500,ATL@MIN 10/18/2020 01:00PM ET,ATL,0.34
,,,,,,,,,,TE,Jeremy Sprinkle (15608233),Jeremy Sprinkle,15608233,TE/FLEX,2500,WAS@NYG 10/18/2020 01:00PM ET,WAS,0
,,,,,,,,,,TE,Marcus Baugh (15608235),Marcus Baugh,15608235,TE/FLEX,2500,WAS@NYG 10/18/2020 01:00PM ET,WAS,0.3
,,,,,,,,,,TE,Thaddeus Moss (15608237),Thaddeus Moss,15608237,TE/FLEX,2500,WAS@NYG 10/18/2020 01:00PM ET,WAS,0
,,,,,,,,,,TE,Levine Toilolo (15608239),Levine Toilolo,15608239,TE/FLEX,2500,WAS@NYG 10/18/2020 01:00PM ET,NYG,0.58
,,,,,,,,,,TE,Eric Tomlinson (15608241),Eric Tomlinson,15608241,TE/FLEX,2500,WAS@NYG 10/18/2020 01:00PM ET,NYG,0
,,,,,,,,,,TE,Chris Manhertz (15608219),Chris Manhertz,15608219,TE/FLEX,2500,CHI@CAR 10/18/2020 01:00PM ET,CAR,1.48
,,,,,,,,,,TE,Colin Thompson (15608221),Colin Thompson,15608221,TE/FLEX,2500,CHI@CAR 10/18/2020 01:00PM ET,CAR,0
,,,,,,,,,,TE,Cole Kmet (15608223),Cole Kmet,15608223,TE/FLEX,2500,CHI@CAR 10/18/2020 01:00PM ET,CHI,0.44
,,,,,,,,,,TE,Demetrius Harris (15608225),Demetrius Harris,15608225,TE/FLEX,2500,CHI@CAR 10/18/2020 01:00PM ET,CHI,1.6
,,,,,,,,,,TE,J.P. Holtz (15608227),J.P. Holtz,15608227,TE/FLEX,2500,CHI@CAR 10/18/2020 01:00PM ET,CHI,0
,,,,,,,,,,TE,Darion Clark (15608229),Darion Clark,15608229,TE/FLEX,2500,CHI@CAR 10/18/2020 01:00PM ET,CHI,0
,,,,,,,,,,TE,Patrick Scales (15608231),Patrick Scales,15608231,TE/FLEX,2500,CHI@CAR 10/18/2020 01:00PM ET,CHI,0
,,,,,,,,,,TE,Anthony Firkser (15608209),Anthony Firkser,15608209,TE/FLEX,2500,HOU@TEN 10/18/2020 01:00PM ET,TEN,3.98
,,,,,,,,,,TE,Geoff Swaim (15608211),Geoff Swaim,15608211,TE/FLEX,2500,HOU@TEN 10/18/2020 01:00PM ET,TEN,0
,,,,,,,,,,TE,MyCole Pruitt (15608213),MyCole Pruitt,15608213,TE/FLEX,2500,HOU@TEN 10/18/2020 01:00PM ET,TEN,3.57
,,,,,,,,,,TE,Pharaoh Brown (15608215),Pharaoh Brown,15608215,TE/FLEX,2500,HOU@TEN 10/18/2020 01:00PM ET,HOU,0.47
,,,,,,,,,,TE,Kahale Warring (15608217),Kahale Warring,15608217,TE/FLEX,2500,HOU@TEN 10/18/2020 01:00PM ET,HOU,0
,,,,,,,,,,TE,Zach Gentry (15608203),Zach Gentry,15608203,TE/FLEX,2500,CLE@PIT 10/18/2020 01:00PM ET,PIT,0
,,,,,,,,,,TE,Harrison Bryant (15608205),Harrison Bryant,15608205,TE/FLEX,2500,CLE@PIT 10/18/2020 01:00PM ET,CLE,3.78
,,,,,,,,,,TE,Stephen Carlson (15608207),Stephen Carlson,15608207,TE/FLEX,2500,CLE@PIT 10/18/2020 01:00PM ET,CLE,0.4
,,,,,,,,,,TE,Tanner Hudson (15608191),Tanner Hudson,15608191,TE/FLEX,2500,GB@TB 10/18/2020 04:25PM ET,TB,0.48
,,,,,,,,,,TE,O.J. Howard (15608193),O.J. Howard,15608193,TE/FLEX,2500,GB@TB 10/18/2020 04:25PM ET,TB,9.4
,,,,,,,,,,TE,Antony Auclair (15608195),Antony Auclair,15608195,TE/FLEX,2500,GB@TB 10/18/2020 04:25PM ET,TB,0
,,,,,,,,,,TE,Jace Sternberger (15608197),Jace Sternberger,15608197,TE/FLEX,2500,GB@TB 10/18/2020 04:25PM ET,GB,1.65
,,,,,,,,,,TE,Josiah Deguara (15608199),Josiah Deguara,15608199,TE/FLEX,2500,GB@TB 10/18/2020 04:25PM ET,GB,1.1
,,,,,,,,,,TE,John Lovett (15608201),John Lovett,15608201,TE/FLEX,2500,GB@TB 10/18/2020 04:25PM ET,GB,0
,,,,,,,,,,TE,Devin Asiasi (15608181),Devin Asiasi,15608181,TE/FLEX,2500,DEN@NE 10/18/2020 01:00PM ET,NE,0
,,,,,,,,,,TE,Dalton Keene (15608183),Dalton Keene,15608183,TE/FLEX,2500,DEN@NE 10/18/2020 01:00PM ET,NE,0
,,,,,,,,,,TE,Albert Okwuegbunam (15608185),Albert Okwuegbunam,15608185,TE/FLEX,2500,DEN@NE 10/18/2020 01:00PM ET,DEN,0
,,,,,,,,,,TE,Austin Fort (15608187),Austin Fort,15608187,TE/FLEX,2500,DEN@NE 10/18/2020 01:00PM ET,DEN,0
,,,,,,,,,,TE,Andrew Beck (15608189),Andrew Beck,15608189,TE/FLEX,2500,DEN@NE 10/18/2020 01:00PM ET,DEN,0
,,,,,,,,,,DST,Jets  (15608299),Jets ,15608299,DST,2400,NYJ@MIA 10/18/2020 04:05PM ET,NYJ,4.2
,,,,,,,,,,DST,Vikings  (15608300),Vikings ,15608300,DST,2300,ATL@MIN 10/18/2020 01:00PM ET,MIN,2.8
,,,,,,,,,,DST,Falcons  (15608301),Falcons ,15608301,DST,2200,ATL@MIN 10/18/2020 01:00PM ET,ATL,1.4
,,,,,,,,,,DST,Bengals  (15608302),Bengals ,15608302,DST,2100,CIN@IND 10/18/2020 01:00PM ET,CIN,3.2
